2025-12-07 22:46:40 [main] INFO  com.ticketkatum.WebBffApplication - Starting WebBffApplication using Java 17.0.12 with PID 14872 (C:\New folder\Ticket-Katum-gateway\bff\web-bff\target\classes started by User in C:\New folder\Ticket-Katum-gateway)
2025-12-07 22:46:40 [main] DEBUG com.ticketkatum.WebBffApplication - Running with Spring Boot v3.2.0, Spring v6.1.1
2025-12-07 22:46:40 [main] INFO  com.ticketkatum.WebBffApplication - No active profile set, falling back to 1 default profile: "default"
2025-12-07 22:46:45 [main] DEBUG i.g.r.s.u.AspectJOnClasspathCondition - Aspects are not activated because AspectJ is not on the classpath.
2025-12-07 22:46:45 [main] DEBUG i.g.r.s.u.AspectJOnClasspathCondition - Aspects are not activated because AspectJ is not on the classpath.
2025-12-07 22:46:45 [main] DEBUG i.g.r.s.u.RxJava2OnClasspathCondition - RxJava2 related Aspect extensions are not activated, because RxJava2 is not on the classpath.
2025-12-07 22:46:45 [main] DEBUG i.g.r.s.u.AspectJOnClasspathCondition - Aspects are not activated because AspectJ is not on the classpath.
2025-12-07 22:46:45 [main] DEBUG i.g.r.s.u.RxJava2OnClasspathCondition - RxJava2 related Aspect extensions are not activated, because RxJava2 is not on the classpath.
2025-12-07 22:46:45 [main] DEBUG i.g.r.s.u.AspectJOnClasspathCondition - Aspects are not activated because AspectJ is not on the classpath.
2025-12-07 22:46:45 [main] DEBUG i.g.r.s.u.AspectJOnClasspathCondition - Aspects are not activated because AspectJ is not on the classpath.
2025-12-07 22:46:45 [main] DEBUG i.g.r.s.u.RxJava2OnClasspathCondition - RxJava2 related Aspect extensions are not activated, because RxJava2 is not on the classpath.
2025-12-07 22:46:45 [main] DEBUG i.g.r.s.u.AspectJOnClasspathCondition - Aspects are not activated because AspectJ is not on the classpath.
2025-12-07 22:46:45 [main] DEBUG i.g.r.s.u.AspectJOnClasspathCondition - Aspects are not activated because AspectJ is not on the classpath.
2025-12-07 22:46:45 [main] DEBUG i.g.r.s.u.RxJava2OnClasspathCondition - RxJava2 related Aspect extensions are not activated, because RxJava2 is not on the classpath.
2025-12-07 22:46:45 [main] DEBUG i.g.r.s.u.AspectJOnClasspathCondition - Aspects are not activated because AspectJ is not on the classpath.
2025-12-07 22:46:46 [main] DEBUG i.g.r.s.u.AspectJOnClasspathCondition - Aspects are not activated because AspectJ is not on the classpath.
2025-12-07 22:46:46 [main] DEBUG i.g.r.s.u.RxJava2OnClasspathCondition - RxJava2 related Aspect extensions are not activated, because RxJava2 is not on the classpath.
2025-12-07 22:46:46 [main] DEBUG i.g.r.s.u.AspectJOnClasspathCondition - Aspects are not activated because AspectJ is not on the classpath.
2025-12-07 22:46:46 [main] DEBUG i.g.r.s.u.AspectJOnClasspathCondition - Aspects are not activated because AspectJ is not on the classpath.
2025-12-07 22:46:46 [main] DEBUG i.g.r.s.u.RxJava2OnClasspathCondition - RxJava2 related Aspect extensions are not activated, because RxJava2 is not on the classpath.
2025-12-07 22:46:46 [main] DEBUG i.g.r.s.u.AspectJOnClasspathCondition - Aspects are not activated because AspectJ is not on the classpath.
2025-12-07 22:46:46 [main] INFO  o.s.d.r.c.RepositoryConfigurationDelegate - Multiple Spring Data modules found, entering strict repository configuration mode
2025-12-07 22:46:46 [main] INFO  o.s.d.r.c.RepositoryConfigurationDelegate - Bootstrapping Spring Data Redis repositories in DEFAULT mode.
2025-12-07 22:46:46 [main] INFO  o.s.d.r.c.RepositoryConfigurationDelegate - Finished Spring Data repository scanning in 43 ms. Found 0 Redis repository interfaces.
2025-12-07 22:46:47 [main] INFO  o.s.cloud.context.scope.GenericScope - BeanFactory id=a989197c-65c5-3012-af5b-389fcf365520
2025-12-07 22:46:48 [main] INFO  o.s.b.w.e.tomcat.TomcatWebServer - Tomcat initialized with port 8080 (http)
2025-12-07 22:46:48 [main] INFO  o.a.catalina.core.StandardService - Starting service [Tomcat]
2025-12-07 22:46:48 [main] INFO  o.a.catalina.core.StandardEngine - Starting Servlet engine: [Apache Tomcat/10.1.16]
2025-12-07 22:46:48 [main] INFO  o.a.c.c.C.[Tomcat].[localhost].[/] - Initializing Spring embedded WebApplicationContext
2025-12-07 22:46:48 [main] INFO  o.s.b.w.s.c.ServletWebServerApplicationContext - Root WebApplicationContext: initialization completed in 7748 ms
2025-12-07 22:46:49 [main] ERROR o.s.b.w.e.tomcat.TomcatStarter - Error starting Tomcat context. Exception: org.springframework.beans.factory.BeanCreationException. Message: Error creating bean with name 'jwtAuthenticationFilter': Injection of autowired dependencies failed
2025-12-07 22:46:49 [main] INFO  o.a.catalina.core.StandardService - Stopping service [Tomcat]
2025-12-07 22:46:49 [main] WARN  o.a.c.loader.WebappClassLoaderBase - The web application [ROOT] appears to have started a thread named [boundedElastic-evictor-1] but has failed to stop it. This is very likely to create a memory leak. Stack trace of thread:
 java.base@17.0.12/jdk.internal.misc.Unsafe.park(Native Method)
 java.base@17.0.12/java.util.concurrent.locks.LockSupport.parkNanos(LockSupport.java:252)
 java.base@17.0.12/java.util.concurrent.locks.AbstractQueuedSynchronizer$ConditionObject.awaitNanos(AbstractQueuedSynchronizer.java:1672)
 java.base@17.0.12/java.util.concurrent.ScheduledThreadPoolExecutor$DelayedWorkQueue.take(ScheduledThreadPoolExecutor.java:1182)
 java.base@17.0.12/java.util.concurrent.ScheduledThreadPoolExecutor$DelayedWorkQueue.take(ScheduledThreadPoolExecutor.java:899)
 java.base@17.0.12/java.util.concurrent.ThreadPoolExecutor.getTask(ThreadPoolExecutor.java:1062)
 java.base@17.0.12/java.util.concurrent.ThreadPoolExecutor.runWorker(ThreadPoolExecutor.java:1122)
 java.base@17.0.12/java.util.concurrent.ThreadPoolExecutor$Worker.run(ThreadPoolExecutor.java:635)
 java.base@17.0.12/java.lang.Thread.run(Thread.java:842)
2025-12-07 22:46:49 [main] WARN  o.s.b.w.s.c.AnnotationConfigServletWebServerApplicationContext - Exception encountered during context initialization - cancelling refresh attempt: org.springframework.context.ApplicationContextException: Unable to start web server
2025-12-07 22:46:50 [main] WARN  z.r.AsyncReporter$BoundedAsyncReporter - Timed out waiting for in-flight spans to send
2025-12-07 22:46:50 [main] INFO  o.s.b.a.l.ConditionEvaluationReportLogger - 

Error starting ApplicationContext. To display the condition evaluation report re-run your application with 'debug' enabled.
2025-12-07 22:46:50 [main] ERROR o.s.boot.SpringApplication - Application run failed
org.springframework.context.ApplicationContextException: Unable to start web server
	at org.springframework.boot.web.servlet.context.ServletWebServerApplicationContext.onRefresh(ServletWebServerApplicationContext.java:165)
	at org.springframework.context.support.AbstractApplicationContext.refresh(AbstractApplicationContext.java:610)
	at org.springframework.boot.web.servlet.context.ServletWebServerApplicationContext.refresh(ServletWebServerApplicationContext.java:146)
	at org.springframework.boot.SpringApplication.refresh(SpringApplication.java:753)
	at org.springframework.boot.SpringApplication.refreshContext(SpringApplication.java:455)
	at org.springframework.boot.SpringApplication.run(SpringApplication.java:323)
	at org.springframework.boot.SpringApplication.run(SpringApplication.java:1342)
	at org.springframework.boot.SpringApplication.run(SpringApplication.java:1331)
	at com.ticketkatum.WebBffApplication.main(WebBffApplication.java:42)
Caused by: org.springframework.boot.web.server.WebServerException: Unable to start embedded Tomcat
	at org.springframework.boot.web.embedded.tomcat.TomcatWebServer.initialize(TomcatWebServer.java:142)
	at org.springframework.boot.web.embedded.tomcat.TomcatWebServer.<init>(TomcatWebServer.java:104)
	at org.springframework.boot.web.embedded.tomcat.TomcatServletWebServerFactory.getTomcatWebServer(TomcatServletWebServerFactory.java:501)
	at org.springframework.boot.web.embedded.tomcat.TomcatServletWebServerFactory.getWebServer(TomcatServletWebServerFactory.java:218)
	at org.springframework.boot.web.servlet.context.ServletWebServerApplicationContext.createWebServer(ServletWebServerApplicationContext.java:188)
	at org.springframework.boot.web.servlet.context.ServletWebServerApplicationContext.onRefresh(ServletWebServerApplicationContext.java:162)
	... 8 common frames omitted
Caused by: org.springframework.beans.factory.BeanCreationException: Error creating bean with name 'jwtAuthenticationFilter': Injection of autowired dependencies failed
	at org.springframework.beans.factory.annotation.AutowiredAnnotationBeanPostProcessor.postProcessProperties(AutowiredAnnotationBeanPostProcessor.java:499)
	at org.springframework.beans.factory.support.AbstractAutowireCapableBeanFactory.populateBean(AbstractAutowireCapableBeanFactory.java:1420)
	at org.springframework.beans.factory.support.AbstractAutowireCapableBeanFactory.doCreateBean(AbstractAutowireCapableBeanFactory.java:600)
	at org.springframework.beans.factory.support.AbstractAutowireCapableBeanFactory.createBean(AbstractAutowireCapableBeanFactory.java:523)
	at org.springframework.beans.factory.support.AbstractBeanFactory.lambda$doGetBean$0(AbstractBeanFactory.java:325)
	at org.springframework.beans.factory.support.DefaultSingletonBeanRegistry.getSingleton(DefaultSingletonBeanRegistry.java:234)
	at org.springframework.beans.factory.support.AbstractBeanFactory.doGetBean(AbstractBeanFactory.java:323)
	at org.springframework.beans.factory.support.AbstractBeanFactory.getBean(AbstractBeanFactory.java:204)
	at org.springframework.boot.web.servlet.ServletContextInitializerBeans.getOrderedBeansOfType(ServletContextInitializerBeans.java:210)
	at org.springframework.boot.web.servlet.ServletContextInitializerBeans.addAsRegistrationBean(ServletContextInitializerBeans.java:173)
	at org.springframework.boot.web.servlet.ServletContextInitializerBeans.addAsRegistrationBean(ServletContextInitializerBeans.java:168)
	at org.springframework.boot.web.servlet.ServletContextInitializerBeans.addAdaptableBeans(ServletContextInitializerBeans.java:153)
	at org.springframework.boot.web.servlet.ServletContextInitializerBeans.<init>(ServletContextInitializerBeans.java:86)
	at org.springframework.boot.web.servlet.context.ServletWebServerApplicationContext.getServletContextInitializerBeans(ServletWebServerApplicationContext.java:266)
	at org.springframework.boot.web.servlet.context.ServletWebServerApplicationContext.selfInitialize(ServletWebServerApplicationContext.java:240)
	at org.springframework.boot.web.embedded.tomcat.TomcatStarter.onStartup(TomcatStarter.java:52)
	at org.apache.catalina.core.StandardContext.startInternal(StandardContext.java:4850)
	at org.apache.catalina.util.LifecycleBase.start(LifecycleBase.java:171)
	at org.apache.catalina.core.ContainerBase$StartChild.call(ContainerBase.java:1332)
	at org.apache.catalina.core.ContainerBase$StartChild.call(ContainerBase.java:1322)
	at java.base/java.util.concurrent.FutureTask.run(FutureTask.java:264)
	at org.apache.tomcat.util.threads.InlineExecutorService.execute(InlineExecutorService.java:75)
	at java.base/java.util.concurrent.AbstractExecutorService.submit(AbstractExecutorService.java:145)
	at org.apache.catalina.core.ContainerBase.startInternal(ContainerBase.java:866)
	at org.apache.catalina.core.StandardHost.startInternal(StandardHost.java:845)
	at org.apache.catalina.util.LifecycleBase.start(LifecycleBase.java:171)
	at org.apache.catalina.core.ContainerBase$StartChild.call(ContainerBase.java:1332)
	at org.apache.catalina.core.ContainerBase$StartChild.call(ContainerBase.java:1322)
	at java.base/java.util.concurrent.FutureTask.run(FutureTask.java:264)
	at org.apache.tomcat.util.threads.InlineExecutorService.execute(InlineExecutorService.java:75)
	at java.base/java.util.concurrent.AbstractExecutorService.submit(AbstractExecutorService.java:145)
	at org.apache.catalina.core.ContainerBase.startInternal(ContainerBase.java:866)
	at org.apache.catalina.core.StandardEngine.startInternal(StandardEngine.java:240)
	at org.apache.catalina.util.LifecycleBase.start(LifecycleBase.java:171)
	at org.apache.catalina.core.StandardService.startInternal(StandardService.java:433)
	at org.apache.catalina.util.LifecycleBase.start(LifecycleBase.java:171)
	at org.apache.catalina.core.StandardServer.startInternal(StandardServer.java:917)
	at org.apache.catalina.util.LifecycleBase.start(LifecycleBase.java:171)
	at org.apache.catalina.startup.Tomcat.start(Tomcat.java:488)
	at org.springframework.boot.web.embedded.tomcat.TomcatWebServer.initialize(TomcatWebServer.java:123)
	... 13 common frames omitted
Caused by: java.lang.IllegalArgumentException: Could not resolve placeholder 'jwt.secret' in value "${jwt.secret}"
	at org.springframework.util.PropertyPlaceholderHelper.parseStringValue(PropertyPlaceholderHelper.java:180)
	at org.springframework.util.PropertyPlaceholderHelper.replacePlaceholders(PropertyPlaceholderHelper.java:126)
	at org.springframework.core.env.AbstractPropertyResolver.doResolvePlaceholders(AbstractPropertyResolver.java:239)
	at org.springframework.core.env.AbstractPropertyResolver.resolveRequiredPlaceholders(AbstractPropertyResolver.java:210)
	at org.springframework.context.support.PropertySourcesPlaceholderConfigurer.lambda$processProperties$0(PropertySourcesPlaceholderConfigurer.java:200)
	at org.springframework.beans.factory.support.AbstractBeanFactory.resolveEmbeddedValue(AbstractBeanFactory.java:921)
	at org.springframework.beans.factory.support.DefaultListableBeanFactory.doResolveDependency(DefaultListableBeanFactory.java:1372)
	at org.springframework.beans.factory.support.DefaultListableBeanFactory.resolveDependency(DefaultListableBeanFactory.java:1348)
	at org.springframework.beans.factory.annotation.AutowiredAnnotationBeanPostProcessor$AutowiredFieldElement.resolveFieldValue(AutowiredAnnotationBeanPostProcessor.java:769)
	at org.springframework.beans.factory.annotation.AutowiredAnnotationBeanPostProcessor$AutowiredFieldElement.inject(AutowiredAnnotationBeanPostProcessor.java:752)
	at org.springframework.beans.factory.annotation.InjectionMetadata.inject(InjectionMetadata.java:145)
	at org.springframework.beans.factory.annotation.AutowiredAnnotationBeanPostProcessor.postProcessProperties(AutowiredAnnotationBeanPostProcessor.java:493)
	... 52 common frames omitted
2025-12-07 22:48:25 [main] INFO  com.ticketkatum.WebBffApplication - Starting WebBffApplication using Java 17.0.12 with PID 13180 (C:\New folder\Ticket-Katum-gateway\bff\web-bff\target\classes started by User in C:\New folder\Ticket-Katum-gateway)
2025-12-07 22:48:25 [main] DEBUG com.ticketkatum.WebBffApplication - Running with Spring Boot v3.2.0, Spring v6.1.1
2025-12-07 22:48:25 [main] INFO  com.ticketkatum.WebBffApplication - No active profile set, falling back to 1 default profile: "default"
2025-12-07 22:48:28 [main] DEBUG i.g.r.s.u.AspectJOnClasspathCondition - Aspects are not activated because AspectJ is not on the classpath.
2025-12-07 22:48:28 [main] DEBUG i.g.r.s.u.AspectJOnClasspathCondition - Aspects are not activated because AspectJ is not on the classpath.
2025-12-07 22:48:28 [main] DEBUG i.g.r.s.u.RxJava2OnClasspathCondition - RxJava2 related Aspect extensions are not activated, because RxJava2 is not on the classpath.
2025-12-07 22:48:28 [main] DEBUG i.g.r.s.u.AspectJOnClasspathCondition - Aspects are not activated because AspectJ is not on the classpath.
2025-12-07 22:48:28 [main] DEBUG i.g.r.s.u.RxJava2OnClasspathCondition - RxJava2 related Aspect extensions are not activated, because RxJava2 is not on the classpath.
2025-12-07 22:48:28 [main] DEBUG i.g.r.s.u.AspectJOnClasspathCondition - Aspects are not activated because AspectJ is not on the classpath.
2025-12-07 22:48:28 [main] DEBUG i.g.r.s.u.AspectJOnClasspathCondition - Aspects are not activated because AspectJ is not on the classpath.
2025-12-07 22:48:28 [main] DEBUG i.g.r.s.u.RxJava2OnClasspathCondition - RxJava2 related Aspect extensions are not activated, because RxJava2 is not on the classpath.
2025-12-07 22:48:28 [main] DEBUG i.g.r.s.u.AspectJOnClasspathCondition - Aspects are not activated because AspectJ is not on the classpath.
2025-12-07 22:48:29 [main] DEBUG i.g.r.s.u.AspectJOnClasspathCondition - Aspects are not activated because AspectJ is not on the classpath.
2025-12-07 22:48:29 [main] DEBUG i.g.r.s.u.RxJava2OnClasspathCondition - RxJava2 related Aspect extensions are not activated, because RxJava2 is not on the classpath.
2025-12-07 22:48:29 [main] DEBUG i.g.r.s.u.AspectJOnClasspathCondition - Aspects are not activated because AspectJ is not on the classpath.
2025-12-07 22:48:29 [main] DEBUG i.g.r.s.u.AspectJOnClasspathCondition - Aspects are not activated because AspectJ is not on the classpath.
2025-12-07 22:48:29 [main] DEBUG i.g.r.s.u.RxJava2OnClasspathCondition - RxJava2 related Aspect extensions are not activated, because RxJava2 is not on the classpath.
2025-12-07 22:48:29 [main] DEBUG i.g.r.s.u.AspectJOnClasspathCondition - Aspects are not activated because AspectJ is not on the classpath.
2025-12-07 22:48:29 [main] DEBUG i.g.r.s.u.AspectJOnClasspathCondition - Aspects are not activated because AspectJ is not on the classpath.
2025-12-07 22:48:29 [main] DEBUG i.g.r.s.u.RxJava2OnClasspathCondition - RxJava2 related Aspect extensions are not activated, because RxJava2 is not on the classpath.
2025-12-07 22:48:29 [main] DEBUG i.g.r.s.u.AspectJOnClasspathCondition - Aspects are not activated because AspectJ is not on the classpath.
2025-12-07 22:48:29 [main] INFO  o.s.d.r.c.RepositoryConfigurationDelegate - Multiple Spring Data modules found, entering strict repository configuration mode
2025-12-07 22:48:29 [main] INFO  o.s.d.r.c.RepositoryConfigurationDelegate - Bootstrapping Spring Data Redis repositories in DEFAULT mode.
2025-12-07 22:48:29 [main] INFO  o.s.d.r.c.RepositoryConfigurationDelegate - Finished Spring Data repository scanning in 64 ms. Found 0 Redis repository interfaces.
2025-12-07 22:48:30 [main] INFO  o.s.cloud.context.scope.GenericScope - BeanFactory id=a989197c-65c5-3012-af5b-389fcf365520
2025-12-07 22:48:31 [main] INFO  o.s.b.w.e.tomcat.TomcatWebServer - Tomcat initialized with port 8080 (http)
2025-12-07 22:48:31 [main] INFO  o.a.catalina.core.StandardService - Starting service [Tomcat]
2025-12-07 22:48:31 [main] INFO  o.a.catalina.core.StandardEngine - Starting Servlet engine: [Apache Tomcat/10.1.16]
2025-12-07 22:48:32 [main] INFO  o.a.c.c.C.[Tomcat].[localhost].[/] - Initializing Spring embedded WebApplicationContext
2025-12-07 22:48:32 [main] INFO  o.s.b.w.s.c.ServletWebServerApplicationContext - Root WebApplicationContext: initialization completed in 6114 ms
2025-12-07 22:48:33 [main] ERROR o.s.b.w.e.tomcat.TomcatStarter - Error starting Tomcat context. Exception: org.springframework.beans.factory.BeanCreationException. Message: Error creating bean with name 'jwtAuthenticationFilter': Injection of autowired dependencies failed
2025-12-07 22:48:33 [main] INFO  o.a.catalina.core.StandardService - Stopping service [Tomcat]
2025-12-07 22:48:33 [main] WARN  o.a.c.loader.WebappClassLoaderBase - The web application [ROOT] appears to have started a thread named [boundedElastic-evictor-1] but has failed to stop it. This is very likely to create a memory leak. Stack trace of thread:
 java.base@17.0.12/jdk.internal.misc.Unsafe.park(Native Method)
 java.base@17.0.12/java.util.concurrent.locks.LockSupport.parkNanos(LockSupport.java:252)
 java.base@17.0.12/java.util.concurrent.locks.AbstractQueuedSynchronizer$ConditionObject.awaitNanos(AbstractQueuedSynchronizer.java:1672)
 java.base@17.0.12/java.util.concurrent.ScheduledThreadPoolExecutor$DelayedWorkQueue.take(ScheduledThreadPoolExecutor.java:1182)
 java.base@17.0.12/java.util.concurrent.ScheduledThreadPoolExecutor$DelayedWorkQueue.take(ScheduledThreadPoolExecutor.java:899)
 java.base@17.0.12/java.util.concurrent.ThreadPoolExecutor.getTask(ThreadPoolExecutor.java:1062)
 java.base@17.0.12/java.util.concurrent.ThreadPoolExecutor.runWorker(ThreadPoolExecutor.java:1122)
 java.base@17.0.12/java.util.concurrent.ThreadPoolExecutor$Worker.run(ThreadPoolExecutor.java:635)
 java.base@17.0.12/java.lang.Thread.run(Thread.java:842)
2025-12-07 22:48:33 [main] WARN  o.s.b.w.s.c.AnnotationConfigServletWebServerApplicationContext - Exception encountered during context initialization - cancelling refresh attempt: org.springframework.context.ApplicationContextException: Unable to start web server
2025-12-07 22:48:34 [main] WARN  z.r.AsyncReporter$BoundedAsyncReporter - Timed out waiting for in-flight spans to send
2025-12-07 22:48:34 [main] INFO  o.s.b.a.l.ConditionEvaluationReportLogger - 

Error starting ApplicationContext. To display the condition evaluation report re-run your application with 'debug' enabled.
2025-12-07 22:48:34 [main] ERROR o.s.boot.SpringApplication - Application run failed
org.springframework.context.ApplicationContextException: Unable to start web server
	at org.springframework.boot.web.servlet.context.ServletWebServerApplicationContext.onRefresh(ServletWebServerApplicationContext.java:165)
	at org.springframework.context.support.AbstractApplicationContext.refresh(AbstractApplicationContext.java:610)
	at org.springframework.boot.web.servlet.context.ServletWebServerApplicationContext.refresh(ServletWebServerApplicationContext.java:146)
	at org.springframework.boot.SpringApplication.refresh(SpringApplication.java:753)
	at org.springframework.boot.SpringApplication.refreshContext(SpringApplication.java:455)
	at org.springframework.boot.SpringApplication.run(SpringApplication.java:323)
	at org.springframework.boot.SpringApplication.run(SpringApplication.java:1342)
	at org.springframework.boot.SpringApplication.run(SpringApplication.java:1331)
	at com.ticketkatum.WebBffApplication.main(WebBffApplication.java:42)
Caused by: org.springframework.boot.web.server.WebServerException: Unable to start embedded Tomcat
	at org.springframework.boot.web.embedded.tomcat.TomcatWebServer.initialize(TomcatWebServer.java:142)
	at org.springframework.boot.web.embedded.tomcat.TomcatWebServer.<init>(TomcatWebServer.java:104)
	at org.springframework.boot.web.embedded.tomcat.TomcatServletWebServerFactory.getTomcatWebServer(TomcatServletWebServerFactory.java:501)
	at org.springframework.boot.web.embedded.tomcat.TomcatServletWebServerFactory.getWebServer(TomcatServletWebServerFactory.java:218)
	at org.springframework.boot.web.servlet.context.ServletWebServerApplicationContext.createWebServer(ServletWebServerApplicationContext.java:188)
	at org.springframework.boot.web.servlet.context.ServletWebServerApplicationContext.onRefresh(ServletWebServerApplicationContext.java:162)
	... 8 common frames omitted
Caused by: org.springframework.beans.factory.BeanCreationException: Error creating bean with name 'jwtAuthenticationFilter': Injection of autowired dependencies failed
	at org.springframework.beans.factory.annotation.AutowiredAnnotationBeanPostProcessor.postProcessProperties(AutowiredAnnotationBeanPostProcessor.java:499)
	at org.springframework.beans.factory.support.AbstractAutowireCapableBeanFactory.populateBean(AbstractAutowireCapableBeanFactory.java:1420)
	at org.springframework.beans.factory.support.AbstractAutowireCapableBeanFactory.doCreateBean(AbstractAutowireCapableBeanFactory.java:600)
	at org.springframework.beans.factory.support.AbstractAutowireCapableBeanFactory.createBean(AbstractAutowireCapableBeanFactory.java:523)
	at org.springframework.beans.factory.support.AbstractBeanFactory.lambda$doGetBean$0(AbstractBeanFactory.java:325)
	at org.springframework.beans.factory.support.DefaultSingletonBeanRegistry.getSingleton(DefaultSingletonBeanRegistry.java:234)
	at org.springframework.beans.factory.support.AbstractBeanFactory.doGetBean(AbstractBeanFactory.java:323)
	at org.springframework.beans.factory.support.AbstractBeanFactory.getBean(AbstractBeanFactory.java:204)
	at org.springframework.boot.web.servlet.ServletContextInitializerBeans.getOrderedBeansOfType(ServletContextInitializerBeans.java:210)
	at org.springframework.boot.web.servlet.ServletContextInitializerBeans.addAsRegistrationBean(ServletContextInitializerBeans.java:173)
	at org.springframework.boot.web.servlet.ServletContextInitializerBeans.addAsRegistrationBean(ServletContextInitializerBeans.java:168)
	at org.springframework.boot.web.servlet.ServletContextInitializerBeans.addAdaptableBeans(ServletContextInitializerBeans.java:153)
	at org.springframework.boot.web.servlet.ServletContextInitializerBeans.<init>(ServletContextInitializerBeans.java:86)
	at org.springframework.boot.web.servlet.context.ServletWebServerApplicationContext.getServletContextInitializerBeans(ServletWebServerApplicationContext.java:266)
	at org.springframework.boot.web.servlet.context.ServletWebServerApplicationContext.selfInitialize(ServletWebServerApplicationContext.java:240)
	at org.springframework.boot.web.embedded.tomcat.TomcatStarter.onStartup(TomcatStarter.java:52)
	at org.apache.catalina.core.StandardContext.startInternal(StandardContext.java:4850)
	at org.apache.catalina.util.LifecycleBase.start(LifecycleBase.java:171)
	at org.apache.catalina.core.ContainerBase$StartChild.call(ContainerBase.java:1332)
	at org.apache.catalina.core.ContainerBase$StartChild.call(ContainerBase.java:1322)
	at java.base/java.util.concurrent.FutureTask.run(FutureTask.java:264)
	at org.apache.tomcat.util.threads.InlineExecutorService.execute(InlineExecutorService.java:75)
	at java.base/java.util.concurrent.AbstractExecutorService.submit(AbstractExecutorService.java:145)
	at org.apache.catalina.core.ContainerBase.startInternal(ContainerBase.java:866)
	at org.apache.catalina.core.StandardHost.startInternal(StandardHost.java:845)
	at org.apache.catalina.util.LifecycleBase.start(LifecycleBase.java:171)
	at org.apache.catalina.core.ContainerBase$StartChild.call(ContainerBase.java:1332)
	at org.apache.catalina.core.ContainerBase$StartChild.call(ContainerBase.java:1322)
	at java.base/java.util.concurrent.FutureTask.run(FutureTask.java:264)
	at org.apache.tomcat.util.threads.InlineExecutorService.execute(InlineExecutorService.java:75)
	at java.base/java.util.concurrent.AbstractExecutorService.submit(AbstractExecutorService.java:145)
	at org.apache.catalina.core.ContainerBase.startInternal(ContainerBase.java:866)
	at org.apache.catalina.core.StandardEngine.startInternal(StandardEngine.java:240)
	at org.apache.catalina.util.LifecycleBase.start(LifecycleBase.java:171)
	at org.apache.catalina.core.StandardService.startInternal(StandardService.java:433)
	at org.apache.catalina.util.LifecycleBase.start(LifecycleBase.java:171)
	at org.apache.catalina.core.StandardServer.startInternal(StandardServer.java:917)
	at org.apache.catalina.util.LifecycleBase.start(LifecycleBase.java:171)
	at org.apache.catalina.startup.Tomcat.start(Tomcat.java:488)
	at org.springframework.boot.web.embedded.tomcat.TomcatWebServer.initialize(TomcatWebServer.java:123)
	... 13 common frames omitted
Caused by: java.lang.IllegalArgumentException: Could not resolve placeholder 'jwt.secret' in value "${jwt.secret}"
	at org.springframework.util.PropertyPlaceholderHelper.parseStringValue(PropertyPlaceholderHelper.java:180)
	at org.springframework.util.PropertyPlaceholderHelper.replacePlaceholders(PropertyPlaceholderHelper.java:126)
	at org.springframework.core.env.AbstractPropertyResolver.doResolvePlaceholders(AbstractPropertyResolver.java:239)
	at org.springframework.core.env.AbstractPropertyResolver.resolveRequiredPlaceholders(AbstractPropertyResolver.java:210)
	at org.springframework.context.support.PropertySourcesPlaceholderConfigurer.lambda$processProperties$0(PropertySourcesPlaceholderConfigurer.java:200)
	at org.springframework.beans.factory.support.AbstractBeanFactory.resolveEmbeddedValue(AbstractBeanFactory.java:921)
	at org.springframework.beans.factory.support.DefaultListableBeanFactory.doResolveDependency(DefaultListableBeanFactory.java:1372)
	at org.springframework.beans.factory.support.DefaultListableBeanFactory.resolveDependency(DefaultListableBeanFactory.java:1348)
	at org.springframework.beans.factory.annotation.AutowiredAnnotationBeanPostProcessor$AutowiredFieldElement.resolveFieldValue(AutowiredAnnotationBeanPostProcessor.java:769)
	at org.springframework.beans.factory.annotation.AutowiredAnnotationBeanPostProcessor$AutowiredFieldElement.inject(AutowiredAnnotationBeanPostProcessor.java:752)
	at org.springframework.beans.factory.annotation.InjectionMetadata.inject(InjectionMetadata.java:145)
	at org.springframework.beans.factory.annotation.AutowiredAnnotationBeanPostProcessor.postProcessProperties(AutowiredAnnotationBeanPostProcessor.java:493)
	... 52 common frames omitted
2025-12-07 22:49:19 [main] INFO  com.ticketkatum.WebBffApplication - Starting WebBffApplication using Java 17.0.12 with PID 11984 (C:\New folder\Ticket-Katum-gateway\bff\web-bff\target\classes started by User in C:\New folder\Ticket-Katum-gateway)
2025-12-07 22:49:19 [main] DEBUG com.ticketkatum.WebBffApplication - Running with Spring Boot v3.2.0, Spring v6.1.1
2025-12-07 22:49:19 [main] INFO  com.ticketkatum.WebBffApplication - No active profile set, falling back to 1 default profile: "default"
2025-12-07 22:49:21 [main] DEBUG i.g.r.s.u.AspectJOnClasspathCondition - Aspects are not activated because AspectJ is not on the classpath.
2025-12-07 22:49:21 [main] DEBUG i.g.r.s.u.AspectJOnClasspathCondition - Aspects are not activated because AspectJ is not on the classpath.
2025-12-07 22:49:21 [main] DEBUG i.g.r.s.u.RxJava2OnClasspathCondition - RxJava2 related Aspect extensions are not activated, because RxJava2 is not on the classpath.
2025-12-07 22:49:21 [main] DEBUG i.g.r.s.u.AspectJOnClasspathCondition - Aspects are not activated because AspectJ is not on the classpath.
2025-12-07 22:49:21 [main] DEBUG i.g.r.s.u.RxJava2OnClasspathCondition - RxJava2 related Aspect extensions are not activated, because RxJava2 is not on the classpath.
2025-12-07 22:49:21 [main] DEBUG i.g.r.s.u.AspectJOnClasspathCondition - Aspects are not activated because AspectJ is not on the classpath.
2025-12-07 22:49:22 [main] DEBUG i.g.r.s.u.AspectJOnClasspathCondition - Aspects are not activated because AspectJ is not on the classpath.
2025-12-07 22:49:22 [main] DEBUG i.g.r.s.u.RxJava2OnClasspathCondition - RxJava2 related Aspect extensions are not activated, because RxJava2 is not on the classpath.
2025-12-07 22:49:22 [main] DEBUG i.g.r.s.u.AspectJOnClasspathCondition - Aspects are not activated because AspectJ is not on the classpath.
2025-12-07 22:49:22 [main] DEBUG i.g.r.s.u.AspectJOnClasspathCondition - Aspects are not activated because AspectJ is not on the classpath.
2025-12-07 22:49:22 [main] DEBUG i.g.r.s.u.RxJava2OnClasspathCondition - RxJava2 related Aspect extensions are not activated, because RxJava2 is not on the classpath.
2025-12-07 22:49:22 [main] DEBUG i.g.r.s.u.AspectJOnClasspathCondition - Aspects are not activated because AspectJ is not on the classpath.
2025-12-07 22:49:22 [main] DEBUG i.g.r.s.u.AspectJOnClasspathCondition - Aspects are not activated because AspectJ is not on the classpath.
2025-12-07 22:49:22 [main] DEBUG i.g.r.s.u.RxJava2OnClasspathCondition - RxJava2 related Aspect extensions are not activated, because RxJava2 is not on the classpath.
2025-12-07 22:49:22 [main] DEBUG i.g.r.s.u.AspectJOnClasspathCondition - Aspects are not activated because AspectJ is not on the classpath.
2025-12-07 22:49:22 [main] DEBUG i.g.r.s.u.AspectJOnClasspathCondition - Aspects are not activated because AspectJ is not on the classpath.
2025-12-07 22:49:22 [main] DEBUG i.g.r.s.u.RxJava2OnClasspathCondition - RxJava2 related Aspect extensions are not activated, because RxJava2 is not on the classpath.
2025-12-07 22:49:22 [main] DEBUG i.g.r.s.u.AspectJOnClasspathCondition - Aspects are not activated because AspectJ is not on the classpath.
2025-12-07 22:49:22 [main] INFO  o.s.d.r.c.RepositoryConfigurationDelegate - Multiple Spring Data modules found, entering strict repository configuration mode
2025-12-07 22:49:22 [main] INFO  o.s.d.r.c.RepositoryConfigurationDelegate - Bootstrapping Spring Data Redis repositories in DEFAULT mode.
2025-12-07 22:49:22 [main] INFO  o.s.d.r.c.RepositoryConfigurationDelegate - Finished Spring Data repository scanning in 60 ms. Found 0 Redis repository interfaces.
2025-12-07 22:49:23 [main] INFO  o.s.cloud.context.scope.GenericScope - BeanFactory id=a989197c-65c5-3012-af5b-389fcf365520
2025-12-07 22:49:24 [main] INFO  o.s.b.w.e.tomcat.TomcatWebServer - Tomcat initialized with port 8080 (http)
2025-12-07 22:49:24 [main] INFO  o.a.catalina.core.StandardService - Starting service [Tomcat]
2025-12-07 22:49:24 [main] INFO  o.a.catalina.core.StandardEngine - Starting Servlet engine: [Apache Tomcat/10.1.16]
2025-12-07 22:49:24 [main] INFO  o.a.c.c.C.[Tomcat].[localhost].[/] - Initializing Spring embedded WebApplicationContext
2025-12-07 22:49:24 [main] INFO  o.s.b.w.s.c.ServletWebServerApplicationContext - Root WebApplicationContext: initialization completed in 5168 ms
2025-12-07 22:49:26 [main] ERROR o.s.b.w.e.tomcat.TomcatStarter - Error starting Tomcat context. Exception: org.springframework.beans.factory.BeanCreationException. Message: Error creating bean with name 'jwtAuthenticationFilter': Injection of autowired dependencies failed
2025-12-07 22:49:26 [main] INFO  o.a.catalina.core.StandardService - Stopping service [Tomcat]
2025-12-07 22:49:26 [main] WARN  o.a.c.loader.WebappClassLoaderBase - The web application [ROOT] appears to have started a thread named [boundedElastic-evictor-1] but has failed to stop it. This is very likely to create a memory leak. Stack trace of thread:
 java.base@17.0.12/jdk.internal.misc.Unsafe.park(Native Method)
 java.base@17.0.12/java.util.concurrent.locks.LockSupport.parkNanos(LockSupport.java:252)
 java.base@17.0.12/java.util.concurrent.locks.AbstractQueuedSynchronizer$ConditionObject.awaitNanos(AbstractQueuedSynchronizer.java:1672)
 java.base@17.0.12/java.util.concurrent.ScheduledThreadPoolExecutor$DelayedWorkQueue.take(ScheduledThreadPoolExecutor.java:1182)
 java.base@17.0.12/java.util.concurrent.ScheduledThreadPoolExecutor$DelayedWorkQueue.take(ScheduledThreadPoolExecutor.java:899)
 java.base@17.0.12/java.util.concurrent.ThreadPoolExecutor.getTask(ThreadPoolExecutor.java:1062)
 java.base@17.0.12/java.util.concurrent.ThreadPoolExecutor.runWorker(ThreadPoolExecutor.java:1122)
 java.base@17.0.12/java.util.concurrent.ThreadPoolExecutor$Worker.run(ThreadPoolExecutor.java:635)
 java.base@17.0.12/java.lang.Thread.run(Thread.java:842)
2025-12-07 22:49:26 [main] WARN  o.s.b.w.s.c.AnnotationConfigServletWebServerApplicationContext - Exception encountered during context initialization - cancelling refresh attempt: org.springframework.context.ApplicationContextException: Unable to start web server
2025-12-07 22:49:27 [main] WARN  z.r.AsyncReporter$BoundedAsyncReporter - Timed out waiting for in-flight spans to send
2025-12-07 22:49:28 [main] INFO  o.s.b.a.l.ConditionEvaluationReportLogger - 

Error starting ApplicationContext. To display the condition evaluation report re-run your application with 'debug' enabled.
2025-12-07 22:49:28 [main] ERROR o.s.boot.SpringApplication - Application run failed
org.springframework.context.ApplicationContextException: Unable to start web server
	at org.springframework.boot.web.servlet.context.ServletWebServerApplicationContext.onRefresh(ServletWebServerApplicationContext.java:165)
	at org.springframework.context.support.AbstractApplicationContext.refresh(AbstractApplicationContext.java:610)
	at org.springframework.boot.web.servlet.context.ServletWebServerApplicationContext.refresh(ServletWebServerApplicationContext.java:146)
	at org.springframework.boot.SpringApplication.refresh(SpringApplication.java:753)
	at org.springframework.boot.SpringApplication.refreshContext(SpringApplication.java:455)
	at org.springframework.boot.SpringApplication.run(SpringApplication.java:323)
	at org.springframework.boot.SpringApplication.run(SpringApplication.java:1342)
	at org.springframework.boot.SpringApplication.run(SpringApplication.java:1331)
	at com.ticketkatum.WebBffApplication.main(WebBffApplication.java:42)
Caused by: org.springframework.boot.web.server.WebServerException: Unable to start embedded Tomcat
	at org.springframework.boot.web.embedded.tomcat.TomcatWebServer.initialize(TomcatWebServer.java:142)
	at org.springframework.boot.web.embedded.tomcat.TomcatWebServer.<init>(TomcatWebServer.java:104)
	at org.springframework.boot.web.embedded.tomcat.TomcatServletWebServerFactory.getTomcatWebServer(TomcatServletWebServerFactory.java:501)
	at org.springframework.boot.web.embedded.tomcat.TomcatServletWebServerFactory.getWebServer(TomcatServletWebServerFactory.java:218)
	at org.springframework.boot.web.servlet.context.ServletWebServerApplicationContext.createWebServer(ServletWebServerApplicationContext.java:188)
	at org.springframework.boot.web.servlet.context.ServletWebServerApplicationContext.onRefresh(ServletWebServerApplicationContext.java:162)
	... 8 common frames omitted
Caused by: org.springframework.beans.factory.BeanCreationException: Error creating bean with name 'jwtAuthenticationFilter': Injection of autowired dependencies failed
	at org.springframework.beans.factory.annotation.AutowiredAnnotationBeanPostProcessor.postProcessProperties(AutowiredAnnotationBeanPostProcessor.java:499)
	at org.springframework.beans.factory.support.AbstractAutowireCapableBeanFactory.populateBean(AbstractAutowireCapableBeanFactory.java:1420)
	at org.springframework.beans.factory.support.AbstractAutowireCapableBeanFactory.doCreateBean(AbstractAutowireCapableBeanFactory.java:600)
	at org.springframework.beans.factory.support.AbstractAutowireCapableBeanFactory.createBean(AbstractAutowireCapableBeanFactory.java:523)
	at org.springframework.beans.factory.support.AbstractBeanFactory.lambda$doGetBean$0(AbstractBeanFactory.java:325)
	at org.springframework.beans.factory.support.DefaultSingletonBeanRegistry.getSingleton(DefaultSingletonBeanRegistry.java:234)
	at org.springframework.beans.factory.support.AbstractBeanFactory.doGetBean(AbstractBeanFactory.java:323)
	at org.springframework.beans.factory.support.AbstractBeanFactory.getBean(AbstractBeanFactory.java:204)
	at org.springframework.boot.web.servlet.ServletContextInitializerBeans.getOrderedBeansOfType(ServletContextInitializerBeans.java:210)
	at org.springframework.boot.web.servlet.ServletContextInitializerBeans.addAsRegistrationBean(ServletContextInitializerBeans.java:173)
	at org.springframework.boot.web.servlet.ServletContextInitializerBeans.addAsRegistrationBean(ServletContextInitializerBeans.java:168)
	at org.springframework.boot.web.servlet.ServletContextInitializerBeans.addAdaptableBeans(ServletContextInitializerBeans.java:153)
	at org.springframework.boot.web.servlet.ServletContextInitializerBeans.<init>(ServletContextInitializerBeans.java:86)
	at org.springframework.boot.web.servlet.context.ServletWebServerApplicationContext.getServletContextInitializerBeans(ServletWebServerApplicationContext.java:266)
	at org.springframework.boot.web.servlet.context.ServletWebServerApplicationContext.selfInitialize(ServletWebServerApplicationContext.java:240)
	at org.springframework.boot.web.embedded.tomcat.TomcatStarter.onStartup(TomcatStarter.java:52)
	at org.apache.catalina.core.StandardContext.startInternal(StandardContext.java:4850)
	at org.apache.catalina.util.LifecycleBase.start(LifecycleBase.java:171)
	at org.apache.catalina.core.ContainerBase$StartChild.call(ContainerBase.java:1332)
	at org.apache.catalina.core.ContainerBase$StartChild.call(ContainerBase.java:1322)
	at java.base/java.util.concurrent.FutureTask.run(FutureTask.java:264)
	at org.apache.tomcat.util.threads.InlineExecutorService.execute(InlineExecutorService.java:75)
	at java.base/java.util.concurrent.AbstractExecutorService.submit(AbstractExecutorService.java:145)
	at org.apache.catalina.core.ContainerBase.startInternal(ContainerBase.java:866)
	at org.apache.catalina.core.StandardHost.startInternal(StandardHost.java:845)
	at org.apache.catalina.util.LifecycleBase.start(LifecycleBase.java:171)
	at org.apache.catalina.core.ContainerBase$StartChild.call(ContainerBase.java:1332)
	at org.apache.catalina.core.ContainerBase$StartChild.call(ContainerBase.java:1322)
	at java.base/java.util.concurrent.FutureTask.run(FutureTask.java:264)
	at org.apache.tomcat.util.threads.InlineExecutorService.execute(InlineExecutorService.java:75)
	at java.base/java.util.concurrent.AbstractExecutorService.submit(AbstractExecutorService.java:145)
	at org.apache.catalina.core.ContainerBase.startInternal(ContainerBase.java:866)
	at org.apache.catalina.core.StandardEngine.startInternal(StandardEngine.java:240)
	at org.apache.catalina.util.LifecycleBase.start(LifecycleBase.java:171)
	at org.apache.catalina.core.StandardService.startInternal(StandardService.java:433)
	at org.apache.catalina.util.LifecycleBase.start(LifecycleBase.java:171)
	at org.apache.catalina.core.StandardServer.startInternal(StandardServer.java:917)
	at org.apache.catalina.util.LifecycleBase.start(LifecycleBase.java:171)
	at org.apache.catalina.startup.Tomcat.start(Tomcat.java:488)
	at org.springframework.boot.web.embedded.tomcat.TomcatWebServer.initialize(TomcatWebServer.java:123)
	... 13 common frames omitted
Caused by: java.lang.IllegalArgumentException: Could not resolve placeholder 'jwt.secret' in value "${jwt.secret}"
	at org.springframework.util.PropertyPlaceholderHelper.parseStringValue(PropertyPlaceholderHelper.java:180)
	at org.springframework.util.PropertyPlaceholderHelper.replacePlaceholders(PropertyPlaceholderHelper.java:126)
	at org.springframework.core.env.AbstractPropertyResolver.doResolvePlaceholders(AbstractPropertyResolver.java:239)
	at org.springframework.core.env.AbstractPropertyResolver.resolveRequiredPlaceholders(AbstractPropertyResolver.java:210)
	at org.springframework.context.support.PropertySourcesPlaceholderConfigurer.lambda$processProperties$0(PropertySourcesPlaceholderConfigurer.java:200)
	at org.springframework.beans.factory.support.AbstractBeanFactory.resolveEmbeddedValue(AbstractBeanFactory.java:921)
	at org.springframework.beans.factory.support.DefaultListableBeanFactory.doResolveDependency(DefaultListableBeanFactory.java:1372)
	at org.springframework.beans.factory.support.DefaultListableBeanFactory.resolveDependency(DefaultListableBeanFactory.java:1348)
	at org.springframework.beans.factory.annotation.AutowiredAnnotationBeanPostProcessor$AutowiredFieldElement.resolveFieldValue(AutowiredAnnotationBeanPostProcessor.java:769)
	at org.springframework.beans.factory.annotation.AutowiredAnnotationBeanPostProcessor$AutowiredFieldElement.inject(AutowiredAnnotationBeanPostProcessor.java:752)
	at org.springframework.beans.factory.annotation.InjectionMetadata.inject(InjectionMetadata.java:145)
	at org.springframework.beans.factory.annotation.AutowiredAnnotationBeanPostProcessor.postProcessProperties(AutowiredAnnotationBeanPostProcessor.java:493)
	... 52 common frames omitted
2025-12-07 22:51:17 [main] INFO  com.ticketkatum.WebBffApplication - Starting WebBffApplication using Java 17.0.12 with PID 21284 (C:\New folder\Ticket-Katum-gateway\bff\web-bff\target\classes started by User in C:\New folder\Ticket-Katum-gateway)
2025-12-07 22:51:17 [main] DEBUG com.ticketkatum.WebBffApplication - Running with Spring Boot v3.2.0, Spring v6.1.1
2025-12-07 22:51:17 [main] INFO  com.ticketkatum.WebBffApplication - No active profile set, falling back to 1 default profile: "default"
2025-12-07 22:51:20 [main] DEBUG i.g.r.s.u.AspectJOnClasspathCondition - Aspects are not activated because AspectJ is not on the classpath.
2025-12-07 22:51:20 [main] DEBUG i.g.r.s.u.AspectJOnClasspathCondition - Aspects are not activated because AspectJ is not on the classpath.
2025-12-07 22:51:20 [main] DEBUG i.g.r.s.u.RxJava2OnClasspathCondition - RxJava2 related Aspect extensions are not activated, because RxJava2 is not on the classpath.
2025-12-07 22:51:20 [main] DEBUG i.g.r.s.u.AspectJOnClasspathCondition - Aspects are not activated because AspectJ is not on the classpath.
2025-12-07 22:51:20 [main] DEBUG i.g.r.s.u.RxJava2OnClasspathCondition - RxJava2 related Aspect extensions are not activated, because RxJava2 is not on the classpath.
2025-12-07 22:51:20 [main] DEBUG i.g.r.s.u.AspectJOnClasspathCondition - Aspects are not activated because AspectJ is not on the classpath.
2025-12-07 22:51:20 [main] DEBUG i.g.r.s.u.AspectJOnClasspathCondition - Aspects are not activated because AspectJ is not on the classpath.
2025-12-07 22:51:20 [main] DEBUG i.g.r.s.u.RxJava2OnClasspathCondition - RxJava2 related Aspect extensions are not activated, because RxJava2 is not on the classpath.
2025-12-07 22:51:20 [main] DEBUG i.g.r.s.u.AspectJOnClasspathCondition - Aspects are not activated because AspectJ is not on the classpath.
2025-12-07 22:51:20 [main] DEBUG i.g.r.s.u.AspectJOnClasspathCondition - Aspects are not activated because AspectJ is not on the classpath.
2025-12-07 22:51:20 [main] DEBUG i.g.r.s.u.RxJava2OnClasspathCondition - RxJava2 related Aspect extensions are not activated, because RxJava2 is not on the classpath.
2025-12-07 22:51:20 [main] DEBUG i.g.r.s.u.AspectJOnClasspathCondition - Aspects are not activated because AspectJ is not on the classpath.
2025-12-07 22:51:20 [main] DEBUG i.g.r.s.u.AspectJOnClasspathCondition - Aspects are not activated because AspectJ is not on the classpath.
2025-12-07 22:51:20 [main] DEBUG i.g.r.s.u.RxJava2OnClasspathCondition - RxJava2 related Aspect extensions are not activated, because RxJava2 is not on the classpath.
2025-12-07 22:51:20 [main] DEBUG i.g.r.s.u.AspectJOnClasspathCondition - Aspects are not activated because AspectJ is not on the classpath.
2025-12-07 22:51:20 [main] DEBUG i.g.r.s.u.AspectJOnClasspathCondition - Aspects are not activated because AspectJ is not on the classpath.
2025-12-07 22:51:20 [main] DEBUG i.g.r.s.u.RxJava2OnClasspathCondition - RxJava2 related Aspect extensions are not activated, because RxJava2 is not on the classpath.
2025-12-07 22:51:20 [main] DEBUG i.g.r.s.u.AspectJOnClasspathCondition - Aspects are not activated because AspectJ is not on the classpath.
2025-12-07 22:51:21 [main] INFO  o.s.d.r.c.RepositoryConfigurationDelegate - Multiple Spring Data modules found, entering strict repository configuration mode
2025-12-07 22:51:21 [main] INFO  o.s.d.r.c.RepositoryConfigurationDelegate - Bootstrapping Spring Data Redis repositories in DEFAULT mode.
2025-12-07 22:51:21 [main] INFO  o.s.d.r.c.RepositoryConfigurationDelegate - Finished Spring Data repository scanning in 260 ms. Found 0 Redis repository interfaces.
2025-12-07 22:51:22 [main] INFO  o.s.cloud.context.scope.GenericScope - BeanFactory id=a989197c-65c5-3012-af5b-389fcf365520
2025-12-07 22:51:22 [main] INFO  o.s.b.w.e.tomcat.TomcatWebServer - Tomcat initialized with port 8080 (http)
2025-12-07 22:51:22 [main] INFO  o.a.catalina.core.StandardService - Starting service [Tomcat]
2025-12-07 22:51:22 [main] INFO  o.a.catalina.core.StandardEngine - Starting Servlet engine: [Apache Tomcat/10.1.16]
2025-12-07 22:51:22 [main] INFO  o.a.c.c.C.[Tomcat].[localhost].[/] - Initializing Spring embedded WebApplicationContext
2025-12-07 22:51:22 [main] INFO  o.s.b.w.s.c.ServletWebServerApplicationContext - Root WebApplicationContext: initialization completed in 5136 ms
2025-12-07 22:51:23 [main] DEBUG c.t.security.JwtAuthenticationFilter - Filter 'jwtAuthenticationFilter' configured for use
2025-12-07 22:51:23 [main] DEBUG o.s.w.f.ServerHttpObservationFilter - Filter 'webMvcObservationFilter' configured for use
2025-12-07 22:51:24 [main] INFO  com.ticketkatum.config.AsyncConfig - Async executor initialized with core pool size: 10
2025-12-07 22:51:26 [main] INFO  o.s.b.a.e.web.EndpointLinksResolver - Exposing 7 endpoint(s) beneath base path '/actuator'
2025-12-07 22:51:26 [main] WARN  o.s.b.a.s.s.UserDetailsServiceAutoConfiguration - 

Using generated security password: b74637f8-1ecb-4bf1-bbca-3751cd043816

This generated password is for development use only. Your security configuration must be updated before running your application in production.

2025-12-07 22:51:26 [main] WARN  o.s.b.w.s.c.AnnotationConfigServletWebServerApplicationContext - Exception encountered during context initialization - cancelling refresh attempt: org.springframework.beans.factory.UnsatisfiedDependencyException: Error creating bean with name 'org.springframework.security.config.annotation.web.configuration.WebSecurityConfiguration': Unsatisfied dependency expressed through method 'setFilterChains' parameter 0: Error creating bean with name 'securityFilterChain' defined in class path resource [com/ticketkatum/config/SecurityConfig.class]: Failed to instantiate [org.springframework.security.web.SecurityFilterChain]: Factory method 'securityFilterChain' threw exception with message: Error creating bean with name 'mvcHandlerMappingIntrospector' defined in class path resource [org/springframework/boot/autoconfigure/web/servlet/WebMvcAutoConfiguration$EnableWebMvcConfiguration.class]: Error creating bean with name 'requestMappingHandlerMapping' defined in class path resource [org/springframework/boot/autoconfigure/web/servlet/WebMvcAutoConfiguration$EnableWebMvcConfiguration.class]: Ambiguous mapping. Cannot map 'bookingSeatBffController' method 
com.ticketkatum.controller.BookingSeatBffController#getBookingDetails(Integer)
to {GET [/api/bff/v1/bookings/{bookingId}/details]}: There is already 'bookingBffController' bean method
com.ticketkatum.controller.BookingBffController#getBookingDetails(String) mapped.
2025-12-07 22:51:27 [main] WARN  z.r.AsyncReporter$BoundedAsyncReporter - Timed out waiting for in-flight spans to send
2025-12-07 22:51:27 [main] INFO  o.a.catalina.core.StandardService - Stopping service [Tomcat]
2025-12-07 22:51:27 [main] WARN  o.a.c.loader.WebappClassLoaderBase - The web application [ROOT] appears to have started a thread named [boundedElastic-evictor-1] but has failed to stop it. This is very likely to create a memory leak. Stack trace of thread:
 java.base@17.0.12/jdk.internal.misc.Unsafe.park(Native Method)
 java.base@17.0.12/java.util.concurrent.locks.LockSupport.parkNanos(LockSupport.java:252)
 java.base@17.0.12/java.util.concurrent.locks.AbstractQueuedSynchronizer$ConditionObject.awaitNanos(AbstractQueuedSynchronizer.java:1672)
 java.base@17.0.12/java.util.concurrent.ScheduledThreadPoolExecutor$DelayedWorkQueue.take(ScheduledThreadPoolExecutor.java:1182)
 java.base@17.0.12/java.util.concurrent.ScheduledThreadPoolExecutor$DelayedWorkQueue.take(ScheduledThreadPoolExecutor.java:899)
 java.base@17.0.12/java.util.concurrent.ThreadPoolExecutor.getTask(ThreadPoolExecutor.java:1062)
 java.base@17.0.12/java.util.concurrent.ThreadPoolExecutor.runWorker(ThreadPoolExecutor.java:1122)
 java.base@17.0.12/java.util.concurrent.ThreadPoolExecutor$Worker.run(ThreadPoolExecutor.java:635)
 java.base@17.0.12/java.lang.Thread.run(Thread.java:842)
2025-12-07 22:51:27 [main] INFO  o.s.b.a.l.ConditionEvaluationReportLogger - 

Error starting ApplicationContext. To display the condition evaluation report re-run your application with 'debug' enabled.
2025-12-07 22:51:27 [main] ERROR o.s.boot.SpringApplication - Application run failed
org.springframework.beans.factory.UnsatisfiedDependencyException: Error creating bean with name 'org.springframework.security.config.annotation.web.configuration.WebSecurityConfiguration': Unsatisfied dependency expressed through method 'setFilterChains' parameter 0: Error creating bean with name 'securityFilterChain' defined in class path resource [com/ticketkatum/config/SecurityConfig.class]: Failed to instantiate [org.springframework.security.web.SecurityFilterChain]: Factory method 'securityFilterChain' threw exception with message: Error creating bean with name 'mvcHandlerMappingIntrospector' defined in class path resource [org/springframework/boot/autoconfigure/web/servlet/WebMvcAutoConfiguration$EnableWebMvcConfiguration.class]: Error creating bean with name 'requestMappingHandlerMapping' defined in class path resource [org/springframework/boot/autoconfigure/web/servlet/WebMvcAutoConfiguration$EnableWebMvcConfiguration.class]: Ambiguous mapping. Cannot map 'bookingSeatBffController' method 
com.ticketkatum.controller.BookingSeatBffController#getBookingDetails(Integer)
to {GET [/api/bff/v1/bookings/{bookingId}/details]}: There is already 'bookingBffController' bean method
com.ticketkatum.controller.BookingBffController#getBookingDetails(String) mapped.
	at org.springframework.beans.factory.annotation.AutowiredAnnotationBeanPostProcessor$AutowiredMethodElement.resolveMethodArguments(AutowiredAnnotationBeanPostProcessor.java:880)
	at org.springframework.beans.factory.annotation.AutowiredAnnotationBeanPostProcessor$AutowiredMethodElement.inject(AutowiredAnnotationBeanPostProcessor.java:833)
	at org.springframework.beans.factory.annotation.InjectionMetadata.inject(InjectionMetadata.java:145)
	at org.springframework.beans.factory.annotation.AutowiredAnnotationBeanPostProcessor.postProcessProperties(AutowiredAnnotationBeanPostProcessor.java:493)
	at org.springframework.beans.factory.support.AbstractAutowireCapableBeanFactory.populateBean(AbstractAutowireCapableBeanFactory.java:1420)
	at org.springframework.beans.factory.support.AbstractAutowireCapableBeanFactory.doCreateBean(AbstractAutowireCapableBeanFactory.java:600)
	at org.springframework.beans.factory.support.AbstractAutowireCapableBeanFactory.createBean(AbstractAutowireCapableBeanFactory.java:523)
	at org.springframework.beans.factory.support.AbstractBeanFactory.lambda$doGetBean$0(AbstractBeanFactory.java:325)
	at org.springframework.beans.factory.support.DefaultSingletonBeanRegistry.getSingleton(DefaultSingletonBeanRegistry.java:234)
	at org.springframework.beans.factory.support.AbstractBeanFactory.doGetBean(AbstractBeanFactory.java:323)
	at org.springframework.beans.factory.support.AbstractBeanFactory.getBean(AbstractBeanFactory.java:199)
	at org.springframework.beans.factory.support.DefaultListableBeanFactory.preInstantiateSingletons(DefaultListableBeanFactory.java:973)
	at org.springframework.context.support.AbstractApplicationContext.finishBeanFactoryInitialization(AbstractApplicationContext.java:946)
	at org.springframework.context.support.AbstractApplicationContext.refresh(AbstractApplicationContext.java:616)
	at org.springframework.boot.web.servlet.context.ServletWebServerApplicationContext.refresh(ServletWebServerApplicationContext.java:146)
	at org.springframework.boot.SpringApplication.refresh(SpringApplication.java:753)
	at org.springframework.boot.SpringApplication.refreshContext(SpringApplication.java:455)
	at org.springframework.boot.SpringApplication.run(SpringApplication.java:323)
	at org.springframework.boot.SpringApplication.run(SpringApplication.java:1342)
	at org.springframework.boot.SpringApplication.run(SpringApplication.java:1331)
	at com.ticketkatum.WebBffApplication.main(WebBffApplication.java:42)
Caused by: org.springframework.beans.factory.BeanCreationException: Error creating bean with name 'securityFilterChain' defined in class path resource [com/ticketkatum/config/SecurityConfig.class]: Failed to instantiate [org.springframework.security.web.SecurityFilterChain]: Factory method 'securityFilterChain' threw exception with message: Error creating bean with name 'mvcHandlerMappingIntrospector' defined in class path resource [org/springframework/boot/autoconfigure/web/servlet/WebMvcAutoConfiguration$EnableWebMvcConfiguration.class]: Error creating bean with name 'requestMappingHandlerMapping' defined in class path resource [org/springframework/boot/autoconfigure/web/servlet/WebMvcAutoConfiguration$EnableWebMvcConfiguration.class]: Ambiguous mapping. Cannot map 'bookingSeatBffController' method 
com.ticketkatum.controller.BookingSeatBffController#getBookingDetails(Integer)
to {GET [/api/bff/v1/bookings/{bookingId}/details]}: There is already 'bookingBffController' bean method
com.ticketkatum.controller.BookingBffController#getBookingDetails(String) mapped.
	at org.springframework.beans.factory.support.ConstructorResolver.instantiate(ConstructorResolver.java:655)
	at org.springframework.beans.factory.support.ConstructorResolver.instantiateUsingFactoryMethod(ConstructorResolver.java:643)
	at org.springframework.beans.factory.support.AbstractAutowireCapableBeanFactory.instantiateUsingFactoryMethod(AbstractAutowireCapableBeanFactory.java:1336)
	at org.springframework.beans.factory.support.AbstractAutowireCapableBeanFactory.createBeanInstance(AbstractAutowireCapableBeanFactory.java:1166)
	at org.springframework.beans.factory.support.AbstractAutowireCapableBeanFactory.doCreateBean(AbstractAutowireCapableBeanFactory.java:563)
	at org.springframework.beans.factory.support.AbstractAutowireCapableBeanFactory.createBean(AbstractAutowireCapableBeanFactory.java:523)
	at org.springframework.beans.factory.support.AbstractBeanFactory.lambda$doGetBean$0(AbstractBeanFactory.java:325)
	at org.springframework.beans.factory.support.DefaultSingletonBeanRegistry.getSingleton(DefaultSingletonBeanRegistry.java:234)
	at org.springframework.beans.factory.support.AbstractBeanFactory.doGetBean(AbstractBeanFactory.java:323)
	at org.springframework.beans.factory.support.AbstractBeanFactory.getBean(AbstractBeanFactory.java:199)
	at org.springframework.beans.factory.config.DependencyDescriptor.resolveCandidate(DependencyDescriptor.java:254)
	at org.springframework.beans.factory.support.DefaultListableBeanFactory.addCandidateEntry(DefaultListableBeanFactory.java:1687)
	at org.springframework.beans.factory.support.DefaultListableBeanFactory.findAutowireCandidates(DefaultListableBeanFactory.java:1651)
	at org.springframework.beans.factory.support.DefaultListableBeanFactory.resolveMultipleBeanCollection(DefaultListableBeanFactory.java:1541)
	at org.springframework.beans.factory.support.DefaultListableBeanFactory.resolveMultipleBeans(DefaultListableBeanFactory.java:1509)
	at org.springframework.beans.factory.support.DefaultListableBeanFactory.doResolveDependency(DefaultListableBeanFactory.java:1390)
	at org.springframework.beans.factory.support.DefaultListableBeanFactory.resolveDependency(DefaultListableBeanFactory.java:1348)
	at org.springframework.beans.factory.annotation.AutowiredAnnotationBeanPostProcessor$AutowiredMethodElement.resolveMethodArguments(AutowiredAnnotationBeanPostProcessor.java:872)
	... 20 common frames omitted
Caused by: org.springframework.beans.BeanInstantiationException: Failed to instantiate [org.springframework.security.web.SecurityFilterChain]: Factory method 'securityFilterChain' threw exception with message: Error creating bean with name 'mvcHandlerMappingIntrospector' defined in class path resource [org/springframework/boot/autoconfigure/web/servlet/WebMvcAutoConfiguration$EnableWebMvcConfiguration.class]: Error creating bean with name 'requestMappingHandlerMapping' defined in class path resource [org/springframework/boot/autoconfigure/web/servlet/WebMvcAutoConfiguration$EnableWebMvcConfiguration.class]: Ambiguous mapping. Cannot map 'bookingSeatBffController' method 
com.ticketkatum.controller.BookingSeatBffController#getBookingDetails(Integer)
to {GET [/api/bff/v1/bookings/{bookingId}/details]}: There is already 'bookingBffController' bean method
com.ticketkatum.controller.BookingBffController#getBookingDetails(String) mapped.
	at org.springframework.beans.factory.support.SimpleInstantiationStrategy.instantiate(SimpleInstantiationStrategy.java:178)
	at org.springframework.beans.factory.support.ConstructorResolver.instantiate(ConstructorResolver.java:651)
	... 37 common frames omitted
Caused by: org.springframework.beans.factory.BeanCreationException: Error creating bean with name 'mvcHandlerMappingIntrospector' defined in class path resource [org/springframework/boot/autoconfigure/web/servlet/WebMvcAutoConfiguration$EnableWebMvcConfiguration.class]: Error creating bean with name 'requestMappingHandlerMapping' defined in class path resource [org/springframework/boot/autoconfigure/web/servlet/WebMvcAutoConfiguration$EnableWebMvcConfiguration.class]: Ambiguous mapping. Cannot map 'bookingSeatBffController' method 
com.ticketkatum.controller.BookingSeatBffController#getBookingDetails(Integer)
to {GET [/api/bff/v1/bookings/{bookingId}/details]}: There is already 'bookingBffController' bean method
com.ticketkatum.controller.BookingBffController#getBookingDetails(String) mapped.
	at org.springframework.beans.factory.support.AbstractAutowireCapableBeanFactory.initializeBean(AbstractAutowireCapableBeanFactory.java:1775)
	at org.springframework.beans.factory.support.AbstractAutowireCapableBeanFactory.doCreateBean(AbstractAutowireCapableBeanFactory.java:601)
	at org.springframework.beans.factory.support.AbstractAutowireCapableBeanFactory.createBean(AbstractAutowireCapableBeanFactory.java:523)
	at org.springframework.beans.factory.support.AbstractBeanFactory.lambda$doGetBean$0(AbstractBeanFactory.java:325)
	at org.springframework.beans.factory.support.DefaultSingletonBeanRegistry.getSingleton(DefaultSingletonBeanRegistry.java:234)
	at org.springframework.beans.factory.support.AbstractBeanFactory.doGetBean(AbstractBeanFactory.java:323)
	at org.springframework.beans.factory.support.AbstractBeanFactory.getBean(AbstractBeanFactory.java:204)
	at org.springframework.context.support.AbstractApplicationContext.getBean(AbstractApplicationContext.java:1179)
	at org.springframework.security.config.annotation.web.AbstractRequestMatcherRegistry.createMvcMatchers(AbstractRequestMatcherRegistry.java:116)
	at org.springframework.security.config.annotation.web.AbstractRequestMatcherRegistry.requestMatchers(AbstractRequestMatcherRegistry.java:207)
	at org.springframework.security.config.annotation.web.AbstractRequestMatcherRegistry.requestMatchers(AbstractRequestMatcherRegistry.java:360)
	at com.ticketkatum.config.SecurityConfig.lambda$securityFilterChain$2(SecurityConfig.java:39)
	at org.springframework.security.config.annotation.web.builders.HttpSecurity.authorizeHttpRequests(HttpSecurity.java:1467)
	at com.ticketkatum.config.SecurityConfig.securityFilterChain(SecurityConfig.java:37)
	at com.ticketkatum.config.SecurityConfig$$SpringCGLIB$$0.CGLIB$securityFilterChain$0(<generated>)
	at com.ticketkatum.config.SecurityConfig$$SpringCGLIB$$FastClass$$1.invoke(<generated>)
	at org.springframework.cglib.proxy.MethodProxy.invokeSuper(MethodProxy.java:258)
	at org.springframework.context.annotation.ConfigurationClassEnhancer$BeanMethodInterceptor.intercept(ConfigurationClassEnhancer.java:331)
	at com.ticketkatum.config.SecurityConfig$$SpringCGLIB$$0.securityFilterChain(<generated>)
	at java.base/jdk.internal.reflect.NativeMethodAccessorImpl.invoke0(Native Method)
	at java.base/jdk.internal.reflect.NativeMethodAccessorImpl.invoke(NativeMethodAccessorImpl.java:77)
	at java.base/jdk.internal.reflect.DelegatingMethodAccessorImpl.invoke(DelegatingMethodAccessorImpl.java:43)
	at java.base/java.lang.reflect.Method.invoke(Method.java:568)
	at org.springframework.beans.factory.support.SimpleInstantiationStrategy.instantiate(SimpleInstantiationStrategy.java:140)
	... 38 common frames omitted
Caused by: org.springframework.beans.factory.BeanCreationException: Error creating bean with name 'requestMappingHandlerMapping' defined in class path resource [org/springframework/boot/autoconfigure/web/servlet/WebMvcAutoConfiguration$EnableWebMvcConfiguration.class]: Ambiguous mapping. Cannot map 'bookingSeatBffController' method 
com.ticketkatum.controller.BookingSeatBffController#getBookingDetails(Integer)
to {GET [/api/bff/v1/bookings/{bookingId}/details]}: There is already 'bookingBffController' bean method
com.ticketkatum.controller.BookingBffController#getBookingDetails(String) mapped.
	at org.springframework.beans.factory.support.AbstractAutowireCapableBeanFactory.initializeBean(AbstractAutowireCapableBeanFactory.java:1775)
	at org.springframework.beans.factory.support.AbstractAutowireCapableBeanFactory.doCreateBean(AbstractAutowireCapableBeanFactory.java:601)
	at org.springframework.beans.factory.support.AbstractAutowireCapableBeanFactory.createBean(AbstractAutowireCapableBeanFactory.java:523)
	at org.springframework.beans.factory.support.AbstractBeanFactory.lambda$doGetBean$0(AbstractBeanFactory.java:325)
	at org.springframework.beans.factory.support.DefaultSingletonBeanRegistry.getSingleton(DefaultSingletonBeanRegistry.java:234)
	at org.springframework.beans.factory.support.AbstractBeanFactory.doGetBean(AbstractBeanFactory.java:323)
	at org.springframework.beans.factory.support.AbstractBeanFactory.getBean(AbstractBeanFactory.java:199)
	at org.springframework.beans.factory.support.DefaultListableBeanFactory.getBeansOfType(DefaultListableBeanFactory.java:663)
	at org.springframework.context.support.AbstractApplicationContext.getBeansOfType(AbstractApplicationContext.java:1327)
	at org.springframework.beans.factory.BeanFactoryUtils.beansOfTypeIncludingAncestors(BeanFactoryUtils.java:368)
	at org.springframework.web.servlet.handler.HandlerMappingIntrospector.initHandlerMappings(HandlerMappingIntrospector.java:130)
	at org.springframework.web.servlet.handler.HandlerMappingIntrospector.afterPropertiesSet(HandlerMappingIntrospector.java:118)
	at org.springframework.beans.factory.support.AbstractAutowireCapableBeanFactory.invokeInitMethods(AbstractAutowireCapableBeanFactory.java:1822)
	at org.springframework.beans.factory.support.AbstractAutowireCapableBeanFactory.initializeBean(AbstractAutowireCapableBeanFactory.java:1771)
	... 61 common frames omitted
Caused by: java.lang.IllegalStateException: Ambiguous mapping. Cannot map 'bookingSeatBffController' method 
com.ticketkatum.controller.BookingSeatBffController#getBookingDetails(Integer)
to {GET [/api/bff/v1/bookings/{bookingId}/details]}: There is already 'bookingBffController' bean method
com.ticketkatum.controller.BookingBffController#getBookingDetails(String) mapped.
	at org.springframework.web.servlet.handler.AbstractHandlerMethodMapping$MappingRegistry.validateMethodMapping(AbstractHandlerMethodMapping.java:667)
	at org.springframework.web.servlet.handler.AbstractHandlerMethodMapping$MappingRegistry.register(AbstractHandlerMethodMapping.java:633)
	at org.springframework.web.servlet.handler.AbstractHandlerMethodMapping.registerHandlerMethod(AbstractHandlerMethodMapping.java:331)
	at org.springframework.web.servlet.mvc.method.annotation.RequestMappingHandlerMapping.registerHandlerMethod(RequestMappingHandlerMapping.java:486)
	at org.springframework.web.servlet.mvc.method.annotation.RequestMappingHandlerMapping.registerHandlerMethod(RequestMappingHandlerMapping.java:79)
	at org.springframework.web.servlet.handler.AbstractHandlerMethodMapping.lambda$detectHandlerMethods$2(AbstractHandlerMethodMapping.java:298)
	at java.base/java.util.LinkedHashMap.forEach(LinkedHashMap.java:721)
	at org.springframework.web.servlet.handler.AbstractHandlerMethodMapping.detectHandlerMethods(AbstractHandlerMethodMapping.java:296)
	at org.springframework.web.servlet.handler.AbstractHandlerMethodMapping.processCandidateBean(AbstractHandlerMethodMapping.java:265)
	at org.springframework.web.servlet.handler.AbstractHandlerMethodMapping.initHandlerMethods(AbstractHandlerMethodMapping.java:224)
	at org.springframework.web.servlet.handler.AbstractHandlerMethodMapping.afterPropertiesSet(AbstractHandlerMethodMapping.java:212)
	at org.springframework.web.servlet.mvc.method.annotation.RequestMappingHandlerMapping.afterPropertiesSet(RequestMappingHandlerMapping.java:233)
	at org.springframework.beans.factory.support.AbstractAutowireCapableBeanFactory.invokeInitMethods(AbstractAutowireCapableBeanFactory.java:1822)
	at org.springframework.beans.factory.support.AbstractAutowireCapableBeanFactory.initializeBean(AbstractAutowireCapableBeanFactory.java:1771)
	... 74 common frames omitted
2025-12-07 22:55:30 [main] INFO  com.ticketkatum.WebBffApplication - Starting WebBffApplication using Java 17.0.12 with PID 21240 (C:\New folder\Ticket-Katum-gateway\bff\web-bff\target\classes started by User in C:\New folder\Ticket-Katum-gateway)
2025-12-07 22:55:30 [main] DEBUG com.ticketkatum.WebBffApplication - Running with Spring Boot v3.2.0, Spring v6.1.1
2025-12-07 22:55:30 [main] INFO  com.ticketkatum.WebBffApplication - No active profile set, falling back to 1 default profile: "default"
2025-12-07 22:55:32 [main] DEBUG i.g.r.s.u.AspectJOnClasspathCondition - Aspects are not activated because AspectJ is not on the classpath.
2025-12-07 22:55:32 [main] DEBUG i.g.r.s.u.AspectJOnClasspathCondition - Aspects are not activated because AspectJ is not on the classpath.
2025-12-07 22:55:32 [main] DEBUG i.g.r.s.u.RxJava2OnClasspathCondition - RxJava2 related Aspect extensions are not activated, because RxJava2 is not on the classpath.
2025-12-07 22:55:32 [main] DEBUG i.g.r.s.u.AspectJOnClasspathCondition - Aspects are not activated because AspectJ is not on the classpath.
2025-12-07 22:55:32 [main] DEBUG i.g.r.s.u.RxJava2OnClasspathCondition - RxJava2 related Aspect extensions are not activated, because RxJava2 is not on the classpath.
2025-12-07 22:55:32 [main] DEBUG i.g.r.s.u.AspectJOnClasspathCondition - Aspects are not activated because AspectJ is not on the classpath.
2025-12-07 22:55:32 [main] DEBUG i.g.r.s.u.AspectJOnClasspathCondition - Aspects are not activated because AspectJ is not on the classpath.
2025-12-07 22:55:32 [main] DEBUG i.g.r.s.u.RxJava2OnClasspathCondition - RxJava2 related Aspect extensions are not activated, because RxJava2 is not on the classpath.
2025-12-07 22:55:32 [main] DEBUG i.g.r.s.u.AspectJOnClasspathCondition - Aspects are not activated because AspectJ is not on the classpath.
2025-12-07 22:55:32 [main] DEBUG i.g.r.s.u.AspectJOnClasspathCondition - Aspects are not activated because AspectJ is not on the classpath.
2025-12-07 22:55:32 [main] DEBUG i.g.r.s.u.RxJava2OnClasspathCondition - RxJava2 related Aspect extensions are not activated, because RxJava2 is not on the classpath.
2025-12-07 22:55:32 [main] DEBUG i.g.r.s.u.AspectJOnClasspathCondition - Aspects are not activated because AspectJ is not on the classpath.
2025-12-07 22:55:32 [main] DEBUG i.g.r.s.u.AspectJOnClasspathCondition - Aspects are not activated because AspectJ is not on the classpath.
2025-12-07 22:55:32 [main] DEBUG i.g.r.s.u.RxJava2OnClasspathCondition - RxJava2 related Aspect extensions are not activated, because RxJava2 is not on the classpath.
2025-12-07 22:55:32 [main] DEBUG i.g.r.s.u.AspectJOnClasspathCondition - Aspects are not activated because AspectJ is not on the classpath.
2025-12-07 22:55:32 [main] DEBUG i.g.r.s.u.AspectJOnClasspathCondition - Aspects are not activated because AspectJ is not on the classpath.
2025-12-07 22:55:32 [main] DEBUG i.g.r.s.u.RxJava2OnClasspathCondition - RxJava2 related Aspect extensions are not activated, because RxJava2 is not on the classpath.
2025-12-07 22:55:32 [main] DEBUG i.g.r.s.u.AspectJOnClasspathCondition - Aspects are not activated because AspectJ is not on the classpath.
2025-12-07 22:55:33 [main] INFO  o.s.d.r.c.RepositoryConfigurationDelegate - Multiple Spring Data modules found, entering strict repository configuration mode
2025-12-07 22:55:33 [main] INFO  o.s.d.r.c.RepositoryConfigurationDelegate - Bootstrapping Spring Data Redis repositories in DEFAULT mode.
2025-12-07 22:55:33 [main] INFO  o.s.d.r.c.RepositoryConfigurationDelegate - Finished Spring Data repository scanning in 33 ms. Found 0 Redis repository interfaces.
2025-12-07 22:55:33 [main] INFO  o.s.cloud.context.scope.GenericScope - BeanFactory id=a989197c-65c5-3012-af5b-389fcf365520
2025-12-07 22:55:34 [main] INFO  o.s.b.w.e.tomcat.TomcatWebServer - Tomcat initialized with port 8080 (http)
2025-12-07 22:55:34 [main] INFO  o.a.catalina.core.StandardService - Starting service [Tomcat]
2025-12-07 22:55:34 [main] INFO  o.a.catalina.core.StandardEngine - Starting Servlet engine: [Apache Tomcat/10.1.16]
2025-12-07 22:55:34 [main] INFO  o.a.c.c.C.[Tomcat].[localhost].[/] - Initializing Spring embedded WebApplicationContext
2025-12-07 22:55:34 [main] INFO  o.s.b.w.s.c.ServletWebServerApplicationContext - Root WebApplicationContext: initialization completed in 3664 ms
2025-12-07 22:55:35 [main] DEBUG c.t.security.JwtAuthenticationFilter - Filter 'jwtAuthenticationFilter' configured for use
2025-12-07 22:55:35 [main] DEBUG o.s.w.f.ServerHttpObservationFilter - Filter 'webMvcObservationFilter' configured for use
2025-12-07 22:55:35 [main] INFO  com.ticketkatum.config.AsyncConfig - Async executor initialized with core pool size: 10
2025-12-07 22:55:37 [main] INFO  o.s.b.a.e.web.EndpointLinksResolver - Exposing 7 endpoint(s) beneath base path '/actuator'
2025-12-07 22:55:37 [main] WARN  o.s.b.a.s.s.UserDetailsServiceAutoConfiguration - 

Using generated security password: 6ddae859-df22-4e68-83c0-3a829ec21c06

This generated password is for development use only. Your security configuration must be updated before running your application in production.

2025-12-07 22:55:38 [main] WARN  o.s.b.w.s.c.AnnotationConfigServletWebServerApplicationContext - Exception encountered during context initialization - cancelling refresh attempt: org.springframework.beans.factory.UnsatisfiedDependencyException: Error creating bean with name 'org.springframework.security.config.annotation.web.configuration.WebSecurityConfiguration': Unsatisfied dependency expressed through method 'setFilterChains' parameter 0: Error creating bean with name 'securityFilterChain' defined in class path resource [com/ticketkatum/config/SecurityConfig.class]: Failed to instantiate [org.springframework.security.web.SecurityFilterChain]: Factory method 'securityFilterChain' threw exception with message: Error creating bean with name 'mvcHandlerMappingIntrospector' defined in class path resource [org/springframework/boot/autoconfigure/web/servlet/WebMvcAutoConfiguration$EnableWebMvcConfiguration.class]: Error creating bean with name 'requestMappingHandlerMapping' defined in class path resource [org/springframework/boot/autoconfigure/web/servlet/WebMvcAutoConfiguration$EnableWebMvcConfiguration.class]: Ambiguous mapping. Cannot map 'bookingSeatBffController' method 
com.ticketkatum.controller.BookingSeatBffController#getBookingHistory(String)
to {GET [/api/bff/v1/bookings/history]}: There is already 'bookingBffController' bean method
com.ticketkatum.controller.BookingBffController#getBookingHistory(Integer, Integer, Integer) mapped.
2025-12-07 22:55:39 [main] WARN  z.r.AsyncReporter$BoundedAsyncReporter - Timed out waiting for in-flight spans to send
2025-12-07 22:55:39 [main] INFO  o.a.catalina.core.StandardService - Stopping service [Tomcat]
2025-12-07 22:55:39 [main] WARN  o.a.c.loader.WebappClassLoaderBase - The web application [ROOT] appears to have started a thread named [boundedElastic-evictor-1] but has failed to stop it. This is very likely to create a memory leak. Stack trace of thread:
 java.base@17.0.12/jdk.internal.misc.Unsafe.park(Native Method)
 java.base@17.0.12/java.util.concurrent.locks.LockSupport.parkNanos(LockSupport.java:252)
 java.base@17.0.12/java.util.concurrent.locks.AbstractQueuedSynchronizer$ConditionObject.awaitNanos(AbstractQueuedSynchronizer.java:1672)
 java.base@17.0.12/java.util.concurrent.ScheduledThreadPoolExecutor$DelayedWorkQueue.take(ScheduledThreadPoolExecutor.java:1182)
 java.base@17.0.12/java.util.concurrent.ScheduledThreadPoolExecutor$DelayedWorkQueue.take(ScheduledThreadPoolExecutor.java:899)
 java.base@17.0.12/java.util.concurrent.ThreadPoolExecutor.getTask(ThreadPoolExecutor.java:1062)
 java.base@17.0.12/java.util.concurrent.ThreadPoolExecutor.runWorker(ThreadPoolExecutor.java:1122)
 java.base@17.0.12/java.util.concurrent.ThreadPoolExecutor$Worker.run(ThreadPoolExecutor.java:635)
 java.base@17.0.12/java.lang.Thread.run(Thread.java:842)
2025-12-07 22:55:39 [main] INFO  o.s.b.a.l.ConditionEvaluationReportLogger - 

Error starting ApplicationContext. To display the condition evaluation report re-run your application with 'debug' enabled.
2025-12-07 22:55:39 [main] ERROR o.s.boot.SpringApplication - Application run failed
org.springframework.beans.factory.UnsatisfiedDependencyException: Error creating bean with name 'org.springframework.security.config.annotation.web.configuration.WebSecurityConfiguration': Unsatisfied dependency expressed through method 'setFilterChains' parameter 0: Error creating bean with name 'securityFilterChain' defined in class path resource [com/ticketkatum/config/SecurityConfig.class]: Failed to instantiate [org.springframework.security.web.SecurityFilterChain]: Factory method 'securityFilterChain' threw exception with message: Error creating bean with name 'mvcHandlerMappingIntrospector' defined in class path resource [org/springframework/boot/autoconfigure/web/servlet/WebMvcAutoConfiguration$EnableWebMvcConfiguration.class]: Error creating bean with name 'requestMappingHandlerMapping' defined in class path resource [org/springframework/boot/autoconfigure/web/servlet/WebMvcAutoConfiguration$EnableWebMvcConfiguration.class]: Ambiguous mapping. Cannot map 'bookingSeatBffController' method 
com.ticketkatum.controller.BookingSeatBffController#getBookingHistory(String)
to {GET [/api/bff/v1/bookings/history]}: There is already 'bookingBffController' bean method
com.ticketkatum.controller.BookingBffController#getBookingHistory(Integer, Integer, Integer) mapped.
	at org.springframework.beans.factory.annotation.AutowiredAnnotationBeanPostProcessor$AutowiredMethodElement.resolveMethodArguments(AutowiredAnnotationBeanPostProcessor.java:880)
	at org.springframework.beans.factory.annotation.AutowiredAnnotationBeanPostProcessor$AutowiredMethodElement.inject(AutowiredAnnotationBeanPostProcessor.java:833)
	at org.springframework.beans.factory.annotation.InjectionMetadata.inject(InjectionMetadata.java:145)
	at org.springframework.beans.factory.annotation.AutowiredAnnotationBeanPostProcessor.postProcessProperties(AutowiredAnnotationBeanPostProcessor.java:493)
	at org.springframework.beans.factory.support.AbstractAutowireCapableBeanFactory.populateBean(AbstractAutowireCapableBeanFactory.java:1420)
	at org.springframework.beans.factory.support.AbstractAutowireCapableBeanFactory.doCreateBean(AbstractAutowireCapableBeanFactory.java:600)
	at org.springframework.beans.factory.support.AbstractAutowireCapableBeanFactory.createBean(AbstractAutowireCapableBeanFactory.java:523)
	at org.springframework.beans.factory.support.AbstractBeanFactory.lambda$doGetBean$0(AbstractBeanFactory.java:325)
	at org.springframework.beans.factory.support.DefaultSingletonBeanRegistry.getSingleton(DefaultSingletonBeanRegistry.java:234)
	at org.springframework.beans.factory.support.AbstractBeanFactory.doGetBean(AbstractBeanFactory.java:323)
	at org.springframework.beans.factory.support.AbstractBeanFactory.getBean(AbstractBeanFactory.java:199)
	at org.springframework.beans.factory.support.DefaultListableBeanFactory.preInstantiateSingletons(DefaultListableBeanFactory.java:973)
	at org.springframework.context.support.AbstractApplicationContext.finishBeanFactoryInitialization(AbstractApplicationContext.java:946)
	at org.springframework.context.support.AbstractApplicationContext.refresh(AbstractApplicationContext.java:616)
	at org.springframework.boot.web.servlet.context.ServletWebServerApplicationContext.refresh(ServletWebServerApplicationContext.java:146)
	at org.springframework.boot.SpringApplication.refresh(SpringApplication.java:753)
	at org.springframework.boot.SpringApplication.refreshContext(SpringApplication.java:455)
	at org.springframework.boot.SpringApplication.run(SpringApplication.java:323)
	at org.springframework.boot.SpringApplication.run(SpringApplication.java:1342)
	at org.springframework.boot.SpringApplication.run(SpringApplication.java:1331)
	at com.ticketkatum.WebBffApplication.main(WebBffApplication.java:42)
Caused by: org.springframework.beans.factory.BeanCreationException: Error creating bean with name 'securityFilterChain' defined in class path resource [com/ticketkatum/config/SecurityConfig.class]: Failed to instantiate [org.springframework.security.web.SecurityFilterChain]: Factory method 'securityFilterChain' threw exception with message: Error creating bean with name 'mvcHandlerMappingIntrospector' defined in class path resource [org/springframework/boot/autoconfigure/web/servlet/WebMvcAutoConfiguration$EnableWebMvcConfiguration.class]: Error creating bean with name 'requestMappingHandlerMapping' defined in class path resource [org/springframework/boot/autoconfigure/web/servlet/WebMvcAutoConfiguration$EnableWebMvcConfiguration.class]: Ambiguous mapping. Cannot map 'bookingSeatBffController' method 
com.ticketkatum.controller.BookingSeatBffController#getBookingHistory(String)
to {GET [/api/bff/v1/bookings/history]}: There is already 'bookingBffController' bean method
com.ticketkatum.controller.BookingBffController#getBookingHistory(Integer, Integer, Integer) mapped.
	at org.springframework.beans.factory.support.ConstructorResolver.instantiate(ConstructorResolver.java:655)
	at org.springframework.beans.factory.support.ConstructorResolver.instantiateUsingFactoryMethod(ConstructorResolver.java:643)
	at org.springframework.beans.factory.support.AbstractAutowireCapableBeanFactory.instantiateUsingFactoryMethod(AbstractAutowireCapableBeanFactory.java:1336)
	at org.springframework.beans.factory.support.AbstractAutowireCapableBeanFactory.createBeanInstance(AbstractAutowireCapableBeanFactory.java:1166)
	at org.springframework.beans.factory.support.AbstractAutowireCapableBeanFactory.doCreateBean(AbstractAutowireCapableBeanFactory.java:563)
	at org.springframework.beans.factory.support.AbstractAutowireCapableBeanFactory.createBean(AbstractAutowireCapableBeanFactory.java:523)
	at org.springframework.beans.factory.support.AbstractBeanFactory.lambda$doGetBean$0(AbstractBeanFactory.java:325)
	at org.springframework.beans.factory.support.DefaultSingletonBeanRegistry.getSingleton(DefaultSingletonBeanRegistry.java:234)
	at org.springframework.beans.factory.support.AbstractBeanFactory.doGetBean(AbstractBeanFactory.java:323)
	at org.springframework.beans.factory.support.AbstractBeanFactory.getBean(AbstractBeanFactory.java:199)
	at org.springframework.beans.factory.config.DependencyDescriptor.resolveCandidate(DependencyDescriptor.java:254)
	at org.springframework.beans.factory.support.DefaultListableBeanFactory.addCandidateEntry(DefaultListableBeanFactory.java:1687)
	at org.springframework.beans.factory.support.DefaultListableBeanFactory.findAutowireCandidates(DefaultListableBeanFactory.java:1651)
	at org.springframework.beans.factory.support.DefaultListableBeanFactory.resolveMultipleBeanCollection(DefaultListableBeanFactory.java:1541)
	at org.springframework.beans.factory.support.DefaultListableBeanFactory.resolveMultipleBeans(DefaultListableBeanFactory.java:1509)
	at org.springframework.beans.factory.support.DefaultListableBeanFactory.doResolveDependency(DefaultListableBeanFactory.java:1390)
	at org.springframework.beans.factory.support.DefaultListableBeanFactory.resolveDependency(DefaultListableBeanFactory.java:1348)
	at org.springframework.beans.factory.annotation.AutowiredAnnotationBeanPostProcessor$AutowiredMethodElement.resolveMethodArguments(AutowiredAnnotationBeanPostProcessor.java:872)
	... 20 common frames omitted
Caused by: org.springframework.beans.BeanInstantiationException: Failed to instantiate [org.springframework.security.web.SecurityFilterChain]: Factory method 'securityFilterChain' threw exception with message: Error creating bean with name 'mvcHandlerMappingIntrospector' defined in class path resource [org/springframework/boot/autoconfigure/web/servlet/WebMvcAutoConfiguration$EnableWebMvcConfiguration.class]: Error creating bean with name 'requestMappingHandlerMapping' defined in class path resource [org/springframework/boot/autoconfigure/web/servlet/WebMvcAutoConfiguration$EnableWebMvcConfiguration.class]: Ambiguous mapping. Cannot map 'bookingSeatBffController' method 
com.ticketkatum.controller.BookingSeatBffController#getBookingHistory(String)
to {GET [/api/bff/v1/bookings/history]}: There is already 'bookingBffController' bean method
com.ticketkatum.controller.BookingBffController#getBookingHistory(Integer, Integer, Integer) mapped.
	at org.springframework.beans.factory.support.SimpleInstantiationStrategy.instantiate(SimpleInstantiationStrategy.java:178)
	at org.springframework.beans.factory.support.ConstructorResolver.instantiate(ConstructorResolver.java:651)
	... 37 common frames omitted
Caused by: org.springframework.beans.factory.BeanCreationException: Error creating bean with name 'mvcHandlerMappingIntrospector' defined in class path resource [org/springframework/boot/autoconfigure/web/servlet/WebMvcAutoConfiguration$EnableWebMvcConfiguration.class]: Error creating bean with name 'requestMappingHandlerMapping' defined in class path resource [org/springframework/boot/autoconfigure/web/servlet/WebMvcAutoConfiguration$EnableWebMvcConfiguration.class]: Ambiguous mapping. Cannot map 'bookingSeatBffController' method 
com.ticketkatum.controller.BookingSeatBffController#getBookingHistory(String)
to {GET [/api/bff/v1/bookings/history]}: There is already 'bookingBffController' bean method
com.ticketkatum.controller.BookingBffController#getBookingHistory(Integer, Integer, Integer) mapped.
	at org.springframework.beans.factory.support.AbstractAutowireCapableBeanFactory.initializeBean(AbstractAutowireCapableBeanFactory.java:1775)
	at org.springframework.beans.factory.support.AbstractAutowireCapableBeanFactory.doCreateBean(AbstractAutowireCapableBeanFactory.java:601)
	at org.springframework.beans.factory.support.AbstractAutowireCapableBeanFactory.createBean(AbstractAutowireCapableBeanFactory.java:523)
	at org.springframework.beans.factory.support.AbstractBeanFactory.lambda$doGetBean$0(AbstractBeanFactory.java:325)
	at org.springframework.beans.factory.support.DefaultSingletonBeanRegistry.getSingleton(DefaultSingletonBeanRegistry.java:234)
	at org.springframework.beans.factory.support.AbstractBeanFactory.doGetBean(AbstractBeanFactory.java:323)
	at org.springframework.beans.factory.support.AbstractBeanFactory.getBean(AbstractBeanFactory.java:204)
	at org.springframework.context.support.AbstractApplicationContext.getBean(AbstractApplicationContext.java:1179)
	at org.springframework.security.config.annotation.web.AbstractRequestMatcherRegistry.createMvcMatchers(AbstractRequestMatcherRegistry.java:116)
	at org.springframework.security.config.annotation.web.AbstractRequestMatcherRegistry.requestMatchers(AbstractRequestMatcherRegistry.java:207)
	at org.springframework.security.config.annotation.web.AbstractRequestMatcherRegistry.requestMatchers(AbstractRequestMatcherRegistry.java:360)
	at com.ticketkatum.config.SecurityConfig.lambda$securityFilterChain$2(SecurityConfig.java:39)
	at org.springframework.security.config.annotation.web.builders.HttpSecurity.authorizeHttpRequests(HttpSecurity.java:1467)
	at com.ticketkatum.config.SecurityConfig.securityFilterChain(SecurityConfig.java:37)
	at com.ticketkatum.config.SecurityConfig$$SpringCGLIB$$0.CGLIB$securityFilterChain$0(<generated>)
	at com.ticketkatum.config.SecurityConfig$$SpringCGLIB$$FastClass$$1.invoke(<generated>)
	at org.springframework.cglib.proxy.MethodProxy.invokeSuper(MethodProxy.java:258)
	at org.springframework.context.annotation.ConfigurationClassEnhancer$BeanMethodInterceptor.intercept(ConfigurationClassEnhancer.java:331)
	at com.ticketkatum.config.SecurityConfig$$SpringCGLIB$$0.securityFilterChain(<generated>)
	at java.base/jdk.internal.reflect.NativeMethodAccessorImpl.invoke0(Native Method)
	at java.base/jdk.internal.reflect.NativeMethodAccessorImpl.invoke(NativeMethodAccessorImpl.java:77)
	at java.base/jdk.internal.reflect.DelegatingMethodAccessorImpl.invoke(DelegatingMethodAccessorImpl.java:43)
	at java.base/java.lang.reflect.Method.invoke(Method.java:568)
	at org.springframework.beans.factory.support.SimpleInstantiationStrategy.instantiate(SimpleInstantiationStrategy.java:140)
	... 38 common frames omitted
Caused by: org.springframework.beans.factory.BeanCreationException: Error creating bean with name 'requestMappingHandlerMapping' defined in class path resource [org/springframework/boot/autoconfigure/web/servlet/WebMvcAutoConfiguration$EnableWebMvcConfiguration.class]: Ambiguous mapping. Cannot map 'bookingSeatBffController' method 
com.ticketkatum.controller.BookingSeatBffController#getBookingHistory(String)
to {GET [/api/bff/v1/bookings/history]}: There is already 'bookingBffController' bean method
com.ticketkatum.controller.BookingBffController#getBookingHistory(Integer, Integer, Integer) mapped.
	at org.springframework.beans.factory.support.AbstractAutowireCapableBeanFactory.initializeBean(AbstractAutowireCapableBeanFactory.java:1775)
	at org.springframework.beans.factory.support.AbstractAutowireCapableBeanFactory.doCreateBean(AbstractAutowireCapableBeanFactory.java:601)
	at org.springframework.beans.factory.support.AbstractAutowireCapableBeanFactory.createBean(AbstractAutowireCapableBeanFactory.java:523)
	at org.springframework.beans.factory.support.AbstractBeanFactory.lambda$doGetBean$0(AbstractBeanFactory.java:325)
	at org.springframework.beans.factory.support.DefaultSingletonBeanRegistry.getSingleton(DefaultSingletonBeanRegistry.java:234)
	at org.springframework.beans.factory.support.AbstractBeanFactory.doGetBean(AbstractBeanFactory.java:323)
	at org.springframework.beans.factory.support.AbstractBeanFactory.getBean(AbstractBeanFactory.java:199)
	at org.springframework.beans.factory.support.DefaultListableBeanFactory.getBeansOfType(DefaultListableBeanFactory.java:663)
	at org.springframework.context.support.AbstractApplicationContext.getBeansOfType(AbstractApplicationContext.java:1327)
	at org.springframework.beans.factory.BeanFactoryUtils.beansOfTypeIncludingAncestors(BeanFactoryUtils.java:368)
	at org.springframework.web.servlet.handler.HandlerMappingIntrospector.initHandlerMappings(HandlerMappingIntrospector.java:130)
	at org.springframework.web.servlet.handler.HandlerMappingIntrospector.afterPropertiesSet(HandlerMappingIntrospector.java:118)
	at org.springframework.beans.factory.support.AbstractAutowireCapableBeanFactory.invokeInitMethods(AbstractAutowireCapableBeanFactory.java:1822)
	at org.springframework.beans.factory.support.AbstractAutowireCapableBeanFactory.initializeBean(AbstractAutowireCapableBeanFactory.java:1771)
	... 61 common frames omitted
Caused by: java.lang.IllegalStateException: Ambiguous mapping. Cannot map 'bookingSeatBffController' method 
com.ticketkatum.controller.BookingSeatBffController#getBookingHistory(String)
to {GET [/api/bff/v1/bookings/history]}: There is already 'bookingBffController' bean method
com.ticketkatum.controller.BookingBffController#getBookingHistory(Integer, Integer, Integer) mapped.
	at org.springframework.web.servlet.handler.AbstractHandlerMethodMapping$MappingRegistry.validateMethodMapping(AbstractHandlerMethodMapping.java:667)
	at org.springframework.web.servlet.handler.AbstractHandlerMethodMapping$MappingRegistry.register(AbstractHandlerMethodMapping.java:633)
	at org.springframework.web.servlet.handler.AbstractHandlerMethodMapping.registerHandlerMethod(AbstractHandlerMethodMapping.java:331)
	at org.springframework.web.servlet.mvc.method.annotation.RequestMappingHandlerMapping.registerHandlerMethod(RequestMappingHandlerMapping.java:486)
	at org.springframework.web.servlet.mvc.method.annotation.RequestMappingHandlerMapping.registerHandlerMethod(RequestMappingHandlerMapping.java:79)
	at org.springframework.web.servlet.handler.AbstractHandlerMethodMapping.lambda$detectHandlerMethods$2(AbstractHandlerMethodMapping.java:298)
	at java.base/java.util.LinkedHashMap.forEach(LinkedHashMap.java:721)
	at org.springframework.web.servlet.handler.AbstractHandlerMethodMapping.detectHandlerMethods(AbstractHandlerMethodMapping.java:296)
	at org.springframework.web.servlet.handler.AbstractHandlerMethodMapping.processCandidateBean(AbstractHandlerMethodMapping.java:265)
	at org.springframework.web.servlet.handler.AbstractHandlerMethodMapping.initHandlerMethods(AbstractHandlerMethodMapping.java:224)
	at org.springframework.web.servlet.handler.AbstractHandlerMethodMapping.afterPropertiesSet(AbstractHandlerMethodMapping.java:212)
	at org.springframework.web.servlet.mvc.method.annotation.RequestMappingHandlerMapping.afterPropertiesSet(RequestMappingHandlerMapping.java:233)
	at org.springframework.beans.factory.support.AbstractAutowireCapableBeanFactory.invokeInitMethods(AbstractAutowireCapableBeanFactory.java:1822)
	at org.springframework.beans.factory.support.AbstractAutowireCapableBeanFactory.initializeBean(AbstractAutowireCapableBeanFactory.java:1771)
	... 74 common frames omitted
2025-12-07 22:57:20 [main] INFO  com.ticketkatum.WebBffApplication - Starting WebBffApplication using Java 17.0.12 with PID 19468 (C:\New folder\Ticket-Katum-gateway\bff\web-bff\target\classes started by User in C:\New folder\Ticket-Katum-gateway)
2025-12-07 22:57:20 [main] DEBUG com.ticketkatum.WebBffApplication - Running with Spring Boot v3.2.0, Spring v6.1.1
2025-12-07 22:57:20 [main] INFO  com.ticketkatum.WebBffApplication - No active profile set, falling back to 1 default profile: "default"
2025-12-07 22:57:23 [main] DEBUG i.g.r.s.u.AspectJOnClasspathCondition - Aspects are not activated because AspectJ is not on the classpath.
2025-12-07 22:57:23 [main] DEBUG i.g.r.s.u.AspectJOnClasspathCondition - Aspects are not activated because AspectJ is not on the classpath.
2025-12-07 22:57:23 [main] DEBUG i.g.r.s.u.RxJava2OnClasspathCondition - RxJava2 related Aspect extensions are not activated, because RxJava2 is not on the classpath.
2025-12-07 22:57:23 [main] DEBUG i.g.r.s.u.AspectJOnClasspathCondition - Aspects are not activated because AspectJ is not on the classpath.
2025-12-07 22:57:23 [main] DEBUG i.g.r.s.u.RxJava2OnClasspathCondition - RxJava2 related Aspect extensions are not activated, because RxJava2 is not on the classpath.
2025-12-07 22:57:23 [main] DEBUG i.g.r.s.u.AspectJOnClasspathCondition - Aspects are not activated because AspectJ is not on the classpath.
2025-12-07 22:57:23 [main] DEBUG i.g.r.s.u.AspectJOnClasspathCondition - Aspects are not activated because AspectJ is not on the classpath.
2025-12-07 22:57:23 [main] DEBUG i.g.r.s.u.RxJava2OnClasspathCondition - RxJava2 related Aspect extensions are not activated, because RxJava2 is not on the classpath.
2025-12-07 22:57:23 [main] DEBUG i.g.r.s.u.AspectJOnClasspathCondition - Aspects are not activated because AspectJ is not on the classpath.
2025-12-07 22:57:23 [main] DEBUG i.g.r.s.u.AspectJOnClasspathCondition - Aspects are not activated because AspectJ is not on the classpath.
2025-12-07 22:57:23 [main] DEBUG i.g.r.s.u.RxJava2OnClasspathCondition - RxJava2 related Aspect extensions are not activated, because RxJava2 is not on the classpath.
2025-12-07 22:57:23 [main] DEBUG i.g.r.s.u.AspectJOnClasspathCondition - Aspects are not activated because AspectJ is not on the classpath.
2025-12-07 22:57:23 [main] DEBUG i.g.r.s.u.AspectJOnClasspathCondition - Aspects are not activated because AspectJ is not on the classpath.
2025-12-07 22:57:23 [main] DEBUG i.g.r.s.u.RxJava2OnClasspathCondition - RxJava2 related Aspect extensions are not activated, because RxJava2 is not on the classpath.
2025-12-07 22:57:23 [main] DEBUG i.g.r.s.u.AspectJOnClasspathCondition - Aspects are not activated because AspectJ is not on the classpath.
2025-12-07 22:57:23 [main] DEBUG i.g.r.s.u.AspectJOnClasspathCondition - Aspects are not activated because AspectJ is not on the classpath.
2025-12-07 22:57:23 [main] DEBUG i.g.r.s.u.RxJava2OnClasspathCondition - RxJava2 related Aspect extensions are not activated, because RxJava2 is not on the classpath.
2025-12-07 22:57:23 [main] DEBUG i.g.r.s.u.AspectJOnClasspathCondition - Aspects are not activated because AspectJ is not on the classpath.
2025-12-07 22:57:24 [main] INFO  o.s.d.r.c.RepositoryConfigurationDelegate - Multiple Spring Data modules found, entering strict repository configuration mode
2025-12-07 22:57:24 [main] INFO  o.s.d.r.c.RepositoryConfigurationDelegate - Bootstrapping Spring Data Redis repositories in DEFAULT mode.
2025-12-07 22:57:25 [main] INFO  o.s.d.r.c.RepositoryConfigurationDelegate - Finished Spring Data repository scanning in 426 ms. Found 0 Redis repository interfaces.
2025-12-07 22:57:26 [main] INFO  o.s.cloud.context.scope.GenericScope - BeanFactory id=a989197c-65c5-3012-af5b-389fcf365520
2025-12-07 22:57:27 [main] INFO  o.s.b.w.e.tomcat.TomcatWebServer - Tomcat initialized with port 8080 (http)
2025-12-07 22:57:27 [main] INFO  o.a.catalina.core.StandardService - Starting service [Tomcat]
2025-12-07 22:57:27 [main] INFO  o.a.catalina.core.StandardEngine - Starting Servlet engine: [Apache Tomcat/10.1.16]
2025-12-07 22:57:27 [main] INFO  o.a.c.c.C.[Tomcat].[localhost].[/] - Initializing Spring embedded WebApplicationContext
2025-12-07 22:57:27 [main] INFO  o.s.b.w.s.c.ServletWebServerApplicationContext - Root WebApplicationContext: initialization completed in 7107 ms
2025-12-07 22:57:29 [main] DEBUG c.t.security.JwtAuthenticationFilter - Filter 'jwtAuthenticationFilter' configured for use
2025-12-07 22:57:29 [main] DEBUG o.s.w.f.ServerHttpObservationFilter - Filter 'webMvcObservationFilter' configured for use
2025-12-07 22:57:29 [main] INFO  com.ticketkatum.config.AsyncConfig - Async executor initialized with core pool size: 10
2025-12-07 22:57:33 [main] INFO  o.s.b.a.e.web.EndpointLinksResolver - Exposing 7 endpoint(s) beneath base path '/actuator'
2025-12-07 22:57:33 [main] WARN  o.s.b.a.s.s.UserDetailsServiceAutoConfiguration - 

Using generated security password: 160a69c0-067c-4051-9dc2-6e9f3a7d37fc

This generated password is for development use only. Your security configuration must be updated before running your application in production.

2025-12-07 22:57:34 [main] DEBUG o.s.w.s.m.m.a.RequestMappingHandlerMapping - 58 mappings in 'requestMappingHandlerMapping'
2025-12-07 22:57:34 [main] DEBUG o.s.w.s.h.SimpleUrlHandlerMapping - Patterns [/webjars/**, /**, /swagger-ui*/*swagger-initializer.js, /swagger-ui*/**] in 'resourceHandlerMapping'
2025-12-07 22:57:34 [main] INFO  o.s.s.web.DefaultSecurityFilterChain - Will secure any request with [org.springframework.security.web.session.DisableEncodeUrlFilter@561c031, org.springframework.security.web.context.request.async.WebAsyncManagerIntegrationFilter@7343d843, org.springframework.security.web.context.SecurityContextHolderFilter@2d4f1ddd, org.springframework.security.web.header.HeaderWriterFilter@291522f1, org.springframework.web.filter.CorsFilter@29a1dab3, org.springframework.security.web.authentication.logout.LogoutFilter@51d34f02, com.ticketkatum.security.JwtAuthenticationFilter@11a67420, org.springframework.security.web.savedrequest.RequestCacheAwareFilter@5ae67f05, org.springframework.security.web.servletapi.SecurityContextHolderAwareRequestFilter@4bc39640, org.springframework.security.web.authentication.AnonymousAuthenticationFilter@619b7436, org.springframework.security.web.session.SessionManagementFilter@32b8992e, org.springframework.security.web.access.ExceptionTranslationFilter@3724ab90, org.springframework.security.web.access.intercept.AuthorizationFilter@70b0dc92]
2025-12-07 22:57:34 [main] DEBUG o.s.w.s.m.m.a.RequestMappingHandlerAdapter - ControllerAdvice beans: 0 @ModelAttribute, 0 @InitBinder, 1 RequestBodyAdvice, 1 ResponseBodyAdvice
2025-12-07 22:57:34 [main] DEBUG o.s.w.s.m.m.a.ExceptionHandlerExceptionResolver - ControllerAdvice beans: 2 @ExceptionHandler, 1 ResponseBodyAdvice
2025-12-07 22:57:37 [main] INFO  o.s.b.w.e.tomcat.TomcatWebServer - Tomcat started on port 8080 (http) with context path ''
2025-12-07 22:57:50 [main] INFO  com.ticketkatum.WebBffApplication - Started WebBffApplication in 35.033 seconds (process running for 37.972)
